20090202,160.0,160.0,160.0,22.5,-
20090203,160.0,160.0,160.0,160.0,-
20090204,160.0,160.0,160.0,160.0,-
20090205,160.0,160.0,160.0,160.0,-
20090206,160.0,160.0,160.0,160.0,-
20090209,160.0,160.0,160.0,160.0,-
20090210,160.0,160.0,160.0,160.0,-
20090211,160.0,160.0,160.0,160.0,-
20090212,160.0,160.0,160.0,160.0,-
20090213,160.0,160.0,160.0,160.0,-
20090216,160.0,160.0,160.0,160.0,-
20090217,160.0,160.0,160.0,160.0,-
20090218,160.0,160.0,160.0,160.0,-
20090219,160.0,160.0,160.0,160.0,-
20090220,160.0,160.0,160.0,160.0,-
20090223,160.0,160.0,160.0,160.0,-
20090224,160.0,160.0,160.0,160.0,-
20090225,160.0,160.0,160.0,160.0,-
20090226,160.0,160.0,160.0,160.0,-
20090227,160.0,160.0,160.0,160.0,-
20090302,160.0,160.0,160.0,160.0,-
20090303,160.0,160.0,160.0,160.0,-
20090304,160.0,160.0,160.0,160.0,-
20090305,160.0,160.0,160.0,160.0,-
20090306,160.0,160.0,160.0,160.0,-
20090309,160.0,160.0,160.0,160.0,-
20090310,160.0,160.0,160.0,160.0,-
20090311,160.0,160.0,160.0,160.0,-
20090312,160.0,160.0,160.0,160.0,-
20090313,160.0,160.0,160.0,160.0,-
20090316,160.0,160.0,160.0,160.0,-
20090317,160.0,160.0,160.0,160.0,-
20090318,160.0,160.0,160.0,160.0,-
20090319,160.0,160.0,160.0,160.0,-
20090320,160.0,160.0,160.0,160.0,-
20090323,160.0,160.0,160.0,160.0,-
20090324,160.0,160.0,160.0,160.0,-
20090325,160.0,160.0,160.0,160.0,-
20090326,160.0,160.0,160.0,160.0,-
20090327,160.0,160.0,160.0,160.0,-
20090330,160.0,160.0,160.0,160.0,-
20090331,160.0,160.0,160.0,160.0,-
20090401,160.0,160.0,160.0,160.0,-
20090402,160.0,160.0,160.0,160.0,-
20090403,160.0,160.0,160.0,160.0,-
20090406,160.0,160.0,160.0,160.0,-
20090407,160.0,160.0,160.0,160.0,-
20090408,160.0,160.0,160.0,160.0,-
20090409,160.0,160.0,160.0,160.0,-
20090414,160.0,160.0,160.0,160.0,-
20090415,160.0,160.0,160.0,160.0,-
20090416,160.0,160.0,160.0,160.0,-
20090417,160.0,160.0,160.0,160.0,-
20090420,160.0,160.0,160.0,160.0,-
20090421,160.0,160.0,160.0,160.0,-
20090422,160.0,160.0,160.0,160.0,-
20090423,160.0,160.0,160.0,160.0,-
20090424,160.0,160.0,160.0,160.0,-
20090427,160.0,160.0,160.0,160.0,-
20090428,160.0,160.0,160.0,160.0,-
20090429,160.0,160.0,160.0,160.0,-
20090430,160.0,160.0,160.0,160.0,-
20090504,160.0,160.0,160.0,160.0,-
20090505,160.0,160.0,160.0,160.0,-
20090506,160.0,160.0,160.0,160.0,-
20090507,160.0,160.0,160.0,160.0,-
20090508,160.0,160.0,160.0,160.0,-
20090511,160.0,160.0,160.0,160.0,-
20090512,160.0,160.0,160.0,160.0,-
20090513,160.0,160.0,160.0,160.0,-
20090514,160.0,160.0,160.0,160.0,-
20090515,160.0,160.0,160.0,160.0,-
20090518,160.0,160.0,160.0,160.0,-
20090519,160.0,160.0,160.0,160.0,-
20090520,160.0,160.0,160.0,160.0,-
20090521,160.0,160.0,160.0,160.0,-
20090522,160.0,160.0,160.0,160.0,-
20090525,160.0,160.0,160.0,160.0,-
20090526,160.0,160.0,160.0,160.0,-
20090527,160.0,160.0,160.0,160.0,-
20090528,160.0,160.0,160.0,160.0,-
20090529,160.0,160.0,160.0,160.0,-
20090602,160.0,160.0,160.0,160.0,-
20090603,160.0,160.0,160.0,160.0,-
20090604,160.0,160.0,160.0,160.0,-
20090605,160.0,160.0,160.0,160.0,-
20090608,160.0,160.0,160.0,160.0,-
20090609,160.0,160.0,160.0,160.0,-
20090610,160.0,160.0,160.0,160.0,-
20090611,160.0,160.0,160.0,160.0,-
20090612,160.0,160.0,160.0,160.0,-
20090615,160.0,160.0,160.0,160.0,-
20090616,160.0,160.0,160.0,160.0,-
20090617,160.0,160.0,160.0,160.0,-
20090618,160.0,160.0,160.0,160.0,-
20090619,160.0,160.0,160.0,160.0,-
20090622,160.0,160.0,160.0,160.0,-
20090623,160.0,160.0,160.0,160.0,-
20090624,160.0,160.0,160.0,160.0,-
20090625,160.0,160.0,160.0,160.0,-
20090626,160.0,160.0,160.0,160.0,-
20090629,160.0,160.0,160.0,160.0,-
20090630,160.0,160.0,160.0,160.0,-
20090701,160.0,160.0,160.0,160.0,-
20090702,160.0,160.0,160.0,160.0,-
20090703,160.0,160.0,160.0,160.0,-
20090706,160.0,160.0,160.0,160.0,-
20090707,160.0,160.0,160.0,160.0,-
20090708,160.0,160.0,160.0,160.0,-
20090709,160.0,160.0,160.0,160.0,-
20090710,160.0,160.0,160.0,160.0,-
20090713,160.0,160.0,160.0,160.0,-
20090714,160.0,160.0,160.0,160.0,-
20090715,160.0,160.0,160.0,160.0,-
20090716,160.0,160.0,160.0,160.0,-
20090717,160.0,160.0,160.0,160.0,-
20090720,160.0,160.0,160.0,160.0,-
20090721,160.0,160.0,160.0,160.0,-
20090722,160.0,160.0,160.0,160.0,-
20090723,160.0,160.0,160.0,160.0,-
20090724,160.0,160.0,160.0,160.0,-
20090727,160.0,160.0,160.0,160.0,-
20090728,160.0,160.0,160.0,160.0,-
20090729,160.0,160.0,160.0,160.0,-
20090730,160.0,160.0,160.0,160.0,-
20090731,160.0,160.0,160.0,160.0,-
20090803,160.0,160.0,160.0,160.0,-
20090804,160.0,160.0,160.0,160.0,-
20090805,160.0,160.0,160.0,160.0,-
20090806,160.0,160.0,160.0,160.0,-
20090807,160.0,160.0,160.0,160.0,-
20090810,160.0,160.0,160.0,160.0,-
20090811,160.0,160.0,160.0,160.0,-
20090812,160.0,160.0,160.0,160.0,-
20090813,160.0,160.0,160.0,160.0,-
20090814,160.0,160.0,160.0,160.0,-
20090817,160.0,160.0,160.0,160.0,-
20090818,160.0,160.0,160.0,160.0,-
20090819,160.0,160.0,160.0,160.0,-
20090820,160.0,160.0,160.0,160.0,-
20090821,160.0,160.0,160.0,160.0,-
20090824,160.0,160.0,160.0,160.0,-
20090825,160.0,160.0,160.0,160.0,-
20090826,160.0,160.0,160.0,160.0,-
20090827,160.0,160.0,160.0,160.0,-
20090828,160.0,160.0,160.0,160.0,-
20090831,160.0,160.0,160.0,160.0,-
20090901,160.0,160.0,160.0,160.0,-
20090902,160.0,160.0,160.0,160.0,-
20090903,160.0,160.0,160.0,160.0,-
20090904,160.0,160.0,160.0,160.0,-
20090907,160.0,160.0,160.0,160.0,-
20090908,160.0,160.0,160.0,160.0,-
20090909,160.0,160.0,160.0,160.0,-
20090910,160.0,160.0,160.0,160.0,-
20090911,160.0,160.0,160.0,160.0,-
20090914,160.0,160.0,160.0,160.0,-
20090915,160.0,160.0,160.0,160.0,-
20090916,160.0,160.0,160.0,160.0,-
20090917,160.0,160.0,160.0,160.0,-
20090918,160.0,160.0,160.0,160.0,-
20090921,160.0,160.0,160.0,160.0,-
20090922,160.0,160.0,160.0,160.0,-
20090923,160.0,160.0,160.0,160.0,-
20090924,160.0,160.0,160.0,160.0,-
20090925,160.0,160.0,160.0,160.0,-
20090928,160.0,160.0,160.0,160.0,-
20090929,160.0,160.0,160.0,160.0,-
20090930,160.0,160.0,160.0,160.0,-
20091001,160.0,160.0,160.0,160.0,-
20091002,160.0,160.0,160.0,160.0,-
20091005,160.0,160.0,160.0,160.0,-
20091006,160.0,160.0,160.0,160.0,-
20091007,160.0,160.0,160.0,160.0,-
20091008,160.0,160.0,160.0,160.0,-
20091009,160.0,160.0,160.0,160.0,-
20091012,160.0,160.0,160.0,160.0,-
20091013,160.0,160.0,160.0,160.0,-
20091014,160.0,160.0,160.0,160.0,-
20091015,160.0,160.0,160.0,160.0,-
20091016,160.0,160.0,160.0,160.0,-
20091019,160.0,160.0,160.0,160.0,-
20091021,160.0,160.0,160.0,160.0,-
20091022,160.0,160.0,160.0,160.0,-
20091023,160.0,160.0,160.0,160.0,-
20091026,160.0,160.0,160.0,160.0,-
20091027,160.0,160.0,160.0,160.0,-
20091028,160.0,160.0,160.0,160.0,-
20091029,160.0,160.0,160.0,160.0,-
20091030,160.0,160.0,160.0,160.0,-
20091102,160.0,160.0,160.0,160.0,-
20091103,160.0,160.0,160.0,160.0,-
20091104,160.0,161.0,160.0,160.0,11700
20091105,155.0,160.0,159.0,160.0,20100
20091106,145.0,150.0,148.0,159.0,9400
20091109,145.0,145.0,145.0,148.0,2000
20091110,147.0,155.0,151.0,145.0,200
20091111,155.0,155.0,155.0,151.0,3900
20091112,155.0,155.0,155.0,155.0,7600
20091113,155.0,155.0,155.0,155.0,-
20091116,148.0,148.0,148.0,155.0,1000
20091117,148.0,148.0,148.0,148.0,-
20091118,148.0,148.0,148.0,148.0,-
20091119,150.0,150.0,150.0,148.0,400
20091120,150.0,150.0,150.0,150.0,-
20091123,148.0,150.0,149.0,150.0,1400
20091124,150.0,150.0,150.0,149.0,200
20091125,150.0,150.0,150.0,150.0,200
20091126,150.0,150.0,150.0,150.0,1500
20091127,150.0,155.0,150.0,150.0,1500
20091130,151.0,155.0,154.0,150.0,3000
20091201,150.0,150.0,150.0,154.0,300
20091202,150.0,150.0,150.0,150.0,5000
20091203,150.0,150.0,150.0,150.0,-
20091204,151.0,151.0,151.0,150.0,100
20091207,150.0,150.0,150.0,151.0,300
20091208,149.0,150.0,149.0,150.0,2500
20091209,150.0,150.0,150.0,149.0,400
20091210,150.0,150.0,150.0,150.0,2000
20091211,150.0,150.0,150.0,150.0,1900
20091214,150.0,150.0,150.0,150.0,-
20091215,150.0,150.0,150.0,150.0,100
20091216,150.0,150.0,150.0,150.0,-
20091217,150.0,150.0,150.0,150.0,3600
20091218,150.0,150.0,150.0,150.0,2900
20091221,150.0,150.0,150.0,150.0,100
20091222,150.0,150.0,150.0,150.0,-
20091223,150.0,150.0,150.0,150.0,2200
20091224,150.0,150.0,150.0,150.0,100
20091228,150.0,150.0,150.0,150.0,1100
20091229,150.0,150.0,150.0,150.0,-
20091230,145.0,150.0,149.0,150.0,5200
20091231,150.0,150.0,150.0,149.0,1400
20100104,150.0,150.0,150.0,150.0,-
20100105,150.0,150.0,150.0,150.0,1200
20100106,149.0,149.0,149.0,150.0,800
20100107,149.0,149.0,149.0,149.0,-
20100108,149.0,150.0,149.0,149.0,19100
20100111,149.0,150.0,149.0,149.0,1600
20100112,149.0,149.0,149.0,149.0,3000
20100113,149.0,149.0,149.0,149.0,100
20100114,149.0,149.0,149.0,149.0,-
20100115,149.0,150.0,149.0,149.0,1100
20100118,149.0,149.0,149.0,149.0,-
20100119,149.0,149.0,149.0,149.0,-
20100120,149.0,149.0,149.0,149.0,-
20100121,149.0,149.0,149.0,149.0,-
20100122,149.0,149.0,149.0,149.0,400
20100125,149.0,150.0,149.0,149.0,7500
20100126,149.0,149.0,149.0,149.0,-
20100127,149.0,149.0,149.0,149.0,1000
20100128,149.0,149.0,149.0,149.0,-
20100129,149.0,150.0,149.0,149.0,5000
20100201,149.0,149.0,149.0,149.0,2400
20100202,149.0,149.0,149.0,149.0,500
20100203,149.0,149.0,149.0,149.0,500
20100204,149.0,149.0,149.0,149.0,-
20100205,149.0,149.0,149.0,149.0,4000
20100208,149.0,150.0,149.0,149.0,1000
20100209,149.0,149.0,149.0,149.0,8500
20100210,149.0,149.0,149.0,149.0,-
20100211,149.0,149.0,149.0,149.0,-
20100212,149.0,149.0,149.0,149.0,-
20100215,149.0,149.0,149.0,149.0,-
20100216,155.0,155.0,155.0,149.0,400
20100217,155.0,155.0,155.0,155.0,-
20100218,155.0,155.0,155.0,155.0,900
20100219,155.0,155.0,155.0,155.0,-
20100222,155.0,160.0,157.0,155.0,200
20100223,157.0,157.0,157.0,157.0,-
20100224,150.0,150.0,150.0,157.0,300
20100225,140.0,145.0,142.0,150.0,2100
20100226,151.0,151.0,151.0,142.0,200
20100301,151.0,151.0,151.0,151.0,-
20100302,142.0,142.0,142.0,151.0,1400
20100303,142.0,142.0,142.0,142.0,-
20100304,150.0,150.0,150.0,142.0,400
20100305,150.0,150.0,150.0,150.0,-
20100308,150.0,150.0,150.0,150.0,3400
20100309,150.0,155.0,150.0,150.0,4800
20100310,150.0,155.0,150.0,150.0,10600
20100311,150.0,150.0,150.0,150.0,2600
20100312,150.0,150.0,150.0,150.0,3900
20100315,150.0,150.0,150.0,150.0,800
20100316,150.0,150.0,150.0,150.0,200
20100317,150.0,150.0,150.0,150.0,700
20100318,140.0,140.0,140.0,150.0,5600
20100319,140.0,145.0,143.0,140.0,3000
20100322,140.0,145.0,140.0,143.0,7300
20100323,145.0,145.0,145.0,140.0,200
20100324,145.0,145.0,145.0,145.0,200
20100325,146.0,146.0,146.0,145.0,100
20100326,133.0,142.0,137.0,146.0,10500
20100329,130.0,140.0,132.0,137.0,1300
20100330,130.0,139.0,132.0,132.0,7400
20100331,130.0,138.0,130.0,132.0,11700
20100401,131.0,135.0,131.0,130.0,3900
20100406,131.0,132.0,131.0,131.0,3100
20100407,132.0,132.0,132.0,131.0,2000
20100408,132.0,132.0,132.0,132.0,2500
20100409,132.0,132.0,132.0,132.0,6700
20100412,132.0,135.0,134.0,132.0,600
20100413,134.0,134.0,134.0,134.0,100
20100414,132.0,134.0,133.0,134.0,1000
20100415,133.0,133.0,133.0,133.0,-
20100416,134.0,145.0,137.0,133.0,2600
20100419,145.0,145.0,145.0,137.0,100
20100420,137.0,145.0,142.0,145.0,1500
20100421,140.0,140.0,140.0,142.0,5000
20100422,140.0,140.0,140.0,140.0,3100
20100423,140.0,140.0,140.0,140.0,7000
20100426,137.0,137.0,137.0,140.0,400
20100427,135.0,137.0,136.0,137.0,2800
20100428,138.0,138.0,138.0,136.0,3000
20100429,140.0,140.0,140.0,138.0,3200
20100430,137.0,140.0,137.0,140.0,2400
20100503,139.0,140.0,139.0,137.0,1500
20100504,135.0,137.0,135.0,139.0,700
20100505,135.0,135.0,135.0,135.0,100
20100506,135.0,135.0,135.0,135.0,-
20100507,134.0,137.0,135.0,135.0,3900
20100510,134.0,135.0,134.0,135.0,5100
20100511,134.0,134.0,134.0,134.0,-
20100512,134.0,134.0,134.0,134.0,800
20100513,134.0,134.0,134.0,134.0,-
20100514,135.0,135.0,135.0,134.0,2000
20100517,135.0,135.0,135.0,135.0,100
20100518,135.0,140.0,137.0,135.0,200
20100519,137.0,137.0,137.0,137.0,-
20100520,137.0,137.0,137.0,137.0,-
20100521,125.0,135.0,127.0,137.0,16500
20100524,127.0,127.0,127.0,127.0,-
20100525,125.0,125.0,125.0,127.0,2600
20100526,137.0,137.0,137.0,125.0,200
20100527,130.0,137.0,133.0,137.0,3700
20100528,135.0,140.0,135.0,133.0,700
20100531,135.0,137.0,135.0,135.0,500
20100602,135.0,135.0,135.0,135.0,-
20100603,130.0,136.0,132.0,135.0,400
20100604,130.0,130.0,130.0,132.0,500
20100607,130.0,130.0,130.0,130.0,-
20100608,133.0,133.0,133.0,130.0,300
20100609,133.0,133.0,133.0,133.0,-
20100610,130.0,131.0,130.0,133.0,5400
20100611,130.0,130.0,130.0,130.0,-
20100614,130.0,130.0,130.0,130.0,-
20100615,135.0,135.0,135.0,130.0,600
20100616,132.0,137.0,134.0,135.0,3700
20100617,135.0,135.0,135.0,134.0,700
20100618,139.0,139.0,139.0,135.0,1400
20100621,135.0,135.0,135.0,139.0,500
20100622,135.0,135.0,135.0,135.0,3400
20100623,125.0,137.0,126.0,135.0,20700
20100624,126.0,126.0,126.0,126.0,-
20100625,126.0,126.0,126.0,126.0,-
20100628,135.0,135.0,135.0,126.0,100
20100629,135.0,135.0,135.0,135.0,400
20100630,135.0,135.0,135.0,135.0,100
20100701,135.0,135.0,135.0,135.0,100
20100702,135.0,135.0,135.0,135.0,200
20100705,135.0,135.0,135.0,135.0,1500
20100706,135.0,135.0,135.0,135.0,-
20100707,135.0,135.0,135.0,135.0,1000
20100708,135.0,135.0,135.0,135.0,500
20100709,135.0,135.0,135.0,135.0,5200
20100712,135.0,135.0,135.0,135.0,10000
20100713,128.0,135.0,128.0,135.0,5700
20100714,136.0,138.0,137.0,128.0,1000
20100715,135.0,145.0,142.0,137.0,9000
20100716,142.0,142.0,142.0,142.0,100
20100719,142.0,142.0,142.0,142.0,-
20100720,142.0,142.0,142.0,142.0,-
20100721,142.0,142.0,142.0,142.0,-
20100722,142.0,142.0,142.0,142.0,1000
20100723,141.0,141.0,141.0,142.0,83600
20100726,140.0,141.0,140.0,141.0,200
20100727,140.0,140.0,140.0,140.0,-
20100728,135.0,142.0,139.0,140.0,300
20100729,138.0,142.0,140.0,139.0,800
20100730,138.0,138.0,138.0,140.0,500
20100802,138.0,138.0,138.0,138.0,500
20100803,140.0,140.0,140.0,138.0,2000
20100804,140.0,140.0,140.0,138.0,2000
20100805,140.0,140.0,140.0,140.0,1700
20100806,140.0,140.0,140.0,140.0,-
20100809,140.0,140.0,140.0,140.0,1200
20100810,141.0,141.0,141.0,140.0,200
20100811,141.0,142.0,141.0,141.0,4000
20100812,140.0,140.0,140.0,141.0,3500
20100813,141.0,145.0,141.0,140.0,1500
20100816,150.0,150.0,150.0,141.0,100
20100817,140.0,141.0,140.0,150.0,9300
20100818,136.0,141.0,139.0,140.0,20000
20100819,139.0,139.0,139.0,139.0,-
20100820,150.0,150.0,150.0,139.0,1100
20100823,150.0,150.0,150.0,150.0,100
20100824,150.0,150.0,150.0,150.0,400
20100825,150.0,160.0,152.0,150.0,12000
20100826,150.0,159.0,154.0,152.0,200
20100827,150.0,159.0,154.0,152.0,200
20100830,140.0,150.0,142.0,154.0,5200
20100831,140.0,142.0,140.0,142.0,800
20100901,140.0,140.0,140.0,140.0,3400
20100902,140.0,140.0,140.0,140.0,38100
20100903,140.0,140.0,140.0,140.0,-
20100906,140.0,140.0,140.0,140.0,1300
20100907,140.0,152.0,147.0,140.0,7200
20100908,140.0,140.0,140.0,147.0,200
20100909,140.0,140.0,140.0,140.0,400
20100910,141.0,141.0,141.0,140.0,3200
20100913,141.0,141.0,141.0,141.0,-
20100914,141.0,141.0,141.0,141.0,-
20100915,141.0,141.0,141.0,141.0,-
20100916,141.0,141.0,141.0,141.0,-
20100917,140.0,141.0,140.0,141.0,900
20100920,141.0,146.0,145.0,140.0,2200
20100921,145.0,150.0,149.0,145.0,4100
20100922,145.0,145.0,145.0,149.0,5000
20100923,149.0,150.0,149.0,145.0,500
20100924,149.0,149.0,149.0,149.0,-
20100927,149.0,149.0,149.0,149.0,-
20100928,145.0,145.0,145.0,149.0,900
20100929,145.0,145.0,145.0,145.0,100
20100930,145.0,145.0,145.0,145.0,2900
20101001,145.0,145.0,145.0,145.0,-
20101004,145.0,145.0,145.0,145.0,-
20101005,145.0,145.0,145.0,145.0,400
20101006,145.0,145.0,145.0,145.0,-
20101007,145.0,145.0,145.0,145.0,1000
20101008,145.0,145.0,145.0,145.0,4800
20101011,145.0,145.0,145.0,145.0,-
20101012,143.0,143.0,143.0,145.0,5000
20101013,143.0,143.0,143.0,143.0,-
20101014,143.0,143.0,143.0,143.0,-
20101015,145.0,145.0,145.0,143.0,200
20101018,145.0,145.0,145.0,145.0,-
20101019,145.0,145.0,145.0,145.0,-
20101021,145.0,145.0,145.0,145.0,-
20101022,145.0,145.0,145.0,145.0,-
20101025,140.0,141.0,140.0,145.0,3000
20101026,140.0,140.0,140.0,140.0,500
20101027,140.0,145.0,143.0,140.0,2900
20101028,143.0,143.0,143.0,143.0,-
20101029,143.0,143.0,143.0,143.0,-
20101101,140.0,141.0,140.0,143.0,700
20101102,140.0,140.0,140.0,140.0,-
20101103,140.0,140.0,140.0,140.0,-
20101104,142.0,142.0,142.0,140.0,500
20101105,142.0,142.0,142.0,142.0,-
20101108,140.0,142.0,140.0,142.0,6500
20101109,140.0,140.0,140.0,140.0,-
20101110,140.0,140.0,140.0,140.0,2700
20101111,144.0,145.0,144.0,140.0,3900
20101112,140.0,142.0,140.0,144.0,1400
20101115,140.0,140.0,140.0,140.0,-
20101116,140.0,140.0,140.0,140.0,-
20101117,140.0,140.0,140.0,140.0,2500
20101118,140.0,140.0,140.0,140.0,-
20101119,140.0,140.0,140.0,140.0,900
20101122,140.0,140.0,140.0,140.0,2000
20101123,140.0,140.0,140.0,140.0,-
20101124,141.0,141.0,141.0,140.0,1900
20101125,141.0,141.0,141.0,141.0,-
20101126,141.0,141.0,141.0,141.0,-
20101129,141.0,141.0,141.0,141.0,-
20101130,141.0,141.0,141.0,141.0,-
20101201,140.0,140.0,140.0,141.0,1000
20101202,140.0,140.0,140.0,140.0,-
20101203,140.0,140.0,140.0,140.0,-
20101206,140.0,150.0,149.0,140.0,1100
20101207,140.0,140.0,140.0,149.0,500
20101208,140.0,140.0,140.0,140.0,-
20101209,140.0,140.0,140.0,140.0,100
20101210,140.0,140.0,140.0,140.0,-
20101214,140.0,140.0,140.0,140.0,-
20101215,132.0,132.0,132.0,140.0,100
20101216,132.0,132.0,132.0,132.0,-
20101217,132.0,132.0,132.0,132.0,-
20101220,132.0,132.0,132.0,132.0,-
20101221,132.0,132.0,132.0,132.0,-
20101222,132.0,132.0,132.0,132.0,-
20101223,132.0,132.0,132.0,132.0,-
20101224,132.0,132.0,132.0,132.0,-
20101228,132.0,132.0,132.0,132.0,-
20101229,132.0,132.0,132.0,132.0,-
20101230,132.0,132.0,132.0,132.0,500
20101231,132.0,141.0,132.0,132.0,2800
20110103,141.0,141.0,141.0,132.0,100
20110104,141.0,141.0,141.0,141.0,-
20110105,141.0,141.0,141.0,141.0,-
20110106,141.0,141.0,141.0,141.0,-
20110107,141.0,141.0,141.0,141.0,500
20110110,141.0,141.0,141.0,141.0,200
20110111,133.0,133.0,133.0,141.0,1200
20110112,132.0,140.0,136.0,133.0,200
20110113,136.0,136.0,136.0,136.0,-
20110114,136.0,136.0,136.0,136.0,-
20110117,136.0,136.0,136.0,136.0,-
20110118,136.0,145.0,142.0,136.0,2300
20110119,150.0,150.0,150.0,142.0,1100
20110120,140.0,140.0,140.0,150.0,900
20110121,140.0,140.0,140.0,140.0,100
20110124,140.0,140.0,140.0,140.0,-
20110125,140.0,145.0,142.0,140.0,1400
20110126,142.0,142.0,142.0,142.0,-
20110127,142.0,142.0,142.0,142.0,-
20110128,142.0,142.0,142.0,142.0,-
20110131,142.0,142.0,142.0,142.0,-
20110201,142.0,142.0,142.0,142.0,-
20110202,140.0,140.0,140.0,142.0,1400
20110203,140.0,140.0,140.0,140.0,800
20110204,140.0,140.0,140.0,140.0,300
20110207,140.0,140.0,140.0,140.0,300
20110208,140.0,140.0,140.0,140.0,900
20110209,140.0,140.0,140.0,140.0,-
20110210,140.0,140.0,140.0,140.0,300
20110211,145.0,146.0,145.0,140.0,600
20110214,140.0,140.0,140.0,145.0,200
20110215,140.0,140.0,140.0,140.0,-
20110216,140.0,140.0,140.0,140.0,-
20110217,140.0,140.0,140.0,140.0,-
20110218,140.0,140.0,140.0,140.0,-
20110221,150.0,155.0,151.0,140.0,3900
20110222,150.0,153.0,150.0,151.0,6000
20110223,150.0,150.0,150.0,150.0,1200
20110224,150.0,150.0,150.0,150.0,-
20110225,150.0,150.0,150.0,150.0,-
20110228,150.0,150.0,150.0,150.0,-
20110301,150.0,150.0,150.0,150.0,100
20110302,150.0,150.0,150.0,150.0,-
20110303,150.0,150.0,150.0,150.0,-
20110304,150.0,150.0,150.0,150.0,-
20110307,140.0,140.0,140.0,150.0,200
20110308,140.0,140.0,140.0,140.0,5800
20110309,140.0,140.0,140.0,140.0,-
20110310,140.0,140.0,140.0,140.0,-
20110311,135.0,138.0,135.0,140.0,2500
20110314,135.0,135.0,135.0,135.0,2100
20110315,135.0,140.0,136.0,135.0,2200
20110316,136.0,136.0,136.0,136.0,-
20110317,140.0,140.0,140.0,136.0,1900
20110318,135.0,135.0,135.0,140.0,2000
20110321,135.0,137.0,136.0,135.0,600
20110322,134.0,135.0,134.0,136.0,3600
20110323,135.0,135.0,135.0,134.0,7800
20110324,135.0,135.0,135.0,135.0,300
20110325,135.0,135.0,135.0,135.0,-
20110328,135.0,135.0,135.0,135.0,-
20110329,135.0,135.0,135.0,135.0,-
20110330,135.0,135.0,135.0,135.0,-
20110331,135.0,135.0,135.0,135.0,800
20110401,135.0,135.0,135.0,135.0,700
20110404,135.0,135.0,135.0,135.0,-
20110405,130.0,130.0,130.0,135.0,1000
20110406,130.0,130.0,130.0,130.0,-
20110407,130.0,130.0,130.0,130.0,-
20110408,130.0,130.0,130.0,130.0,7500
20110411,130.0,130.0,130.0,130.0,5900
20110412,126.0,130.0,128.0,130.0,2300
20110413,122.0,123.0,122.0,128.0,9700
20110414,122.0,122.0,122.0,122.0,-
20110415,122.0,122.0,122.0,122.0,-
20110418,123.0,123.0,123.0,122.0,100
20110419,123.0,123.0,123.0,123.0,-
20110420,123.0,123.0,123.0,123.0,-
20110421,123.0,123.0,123.0,123.0,-
20110426,123.0,123.0,123.0,123.0,-
20110427,123.0,123.0,123.0,123.0,-
20110428,123.0,123.0,123.0,123.0,-
20110429,126.0,126.0,126.0,123.0,9600
20110503,126.0,126.0,126.0,126.0,-
20110504,125.0,125.0,125.0,126.0,600
20110505,126.0,126.0,126.0,125.0,100
20110506,126.0,126.0,126.0,126.0,-
20110509,126.0,126.0,126.0,126.0,-
20110510,125.0,126.0,125.0,126.0,1200
20110511,125.0,125.0,125.0,125.0,-
20110512,125.0,125.0,125.0,125.0,-
20110513,125.0,125.0,125.0,125.0,1800
20110516,125.0,125.0,125.0,125.0,400
20110517,125.0,125.0,125.0,125.0,-
20110518,125.0,125.0,125.0,125.0,-
20110519,123.0,123.0,123.0,125.0,100
20110520,123.0,123.0,123.0,123.0,-
20110523,123.0,123.0,123.0,123.0,500
20110524,119.0,119.0,119.0,123.0,100
20110525,119.0,119.0,119.0,119.0,-
20110526,117.0,117.0,117.0,119.0,300
20110527,117.0,117.0,117.0,117.0,300
20110530,119.0,119.0,119.0,117.0,200
20110531,119.0,119.0,119.0,119.0,-
20110602,117.0,117.0,117.0,119.0,100
20110603,117.0,117.0,117.0,117.0,-
20110606,117.0,117.0,117.0,117.0,300
20110607,117.0,117.0,117.0,117.0,5000
20110608,117.0,117.0,117.0,117.0,2600
20110609,117.0,117.0,117.0,117.0,100
20110610,115.0,117.0,116.0,117.0,9300
20110613,119.0,119.0,119.0,116.0,100
20110614,117.0,120.0,117.0,119.0,6000
20110615,117.0,117.0,117.0,117.0,-
20110616,116.0,117.0,116.0,117.0,1500
20110617,119.0,120.0,119.0,116.0,2100
20110620,117.0,117.0,117.0,119.0,100
20110621,115.0,116.0,115.0,117.0,6500
20110622,115.0,115.0,115.0,115.0,-
20110623,115.0,115.0,115.0,115.0,-
20110624,115.0,115.0,115.0,115.0,-
20110627,115.0,115.0,115.0,115.0,-
20110628,115.0,115.0,115.0,115.0,-
20110629,117.0,117.0,117.0,115.0,100
20110630,119.0,119.0,119.0,117.0,1100
20110701,117.0,119.0,118.0,119.0,800
20110704,117.0,117.0,117.0,118.0,300
20110705,117.0,117.0,117.0,117.0,-
20110706,115.0,117.0,115.0,117.0,1300
20110707,115.0,115.0,115.0,115.0,-
20110708,115.0,115.0,115.0,115.0,-
20110711,115.0,115.0,115.0,115.0,1100
20110712,115.0,115.0,115.0,115.0,500
20110713,115.0,115.0,115.0,115.0,-
20110714,115.0,115.0,115.0,115.0,-
20110715,113.0,113.0,113.0,115.0,1000
20110718,113.0,113.0,113.0,113.0,-
20110719,111.0,113.0,112.0,113.0,6000
20110720,115.0,115.0,115.0,112.0,500
20110721,115.0,115.0,115.0,115.0,-
20110722,115.0,115.0,115.0,115.0,-
20110725,112.0,112.0,112.0,115.0,2600
20110726,112.0,112.0,112.0,112.0,-
20110727,112.0,112.0,112.0,112.0,-
20110728,112.0,115.0,112.0,112.0,1900
20110729,110.0,111.0,110.0,112.0,200
20110801,110.0,110.0,110.0,110.0,-
20110802,110.0,110.0,110.0,110.0,-
20110803,110.0,111.0,110.0,110.0,900
20110804,110.0,110.0,110.0,110.0,-
20110805,110.0,110.0,110.0,110.0,100
20110808,105.0,110.0,105.0,110.0,4400
20110809,108.0,108.0,108.0,105.0,100
20110810,108.0,108.0,108.0,108.0,-
20110811,108.0,108.0,108.0,108.0,200
20110812,108.0,108.0,108.0,108.0,600
20110815,108.0,108.0,108.0,108.0,100
20110816,108.0,108.0,108.0,108.0,-
20110817,107.0,107.0,107.0,108.0,600
20110818,108.0,108.0,108.0,107.0,300
20110819,105.0,105.0,105.0,108.0,1000
20110822,105.0,105.0,105.0,105.0,-
20110823,105.0,105.0,105.0,105.0,-
20110824,105.0,106.0,105.0,105.0,900
20110825,98.0,100.0,99.0,105.0,3300
20110826,100.0,100.0,100.0,99.0,200
20110829,100.0,100.0,100.0,100.0,200
20110830,90.0,100.0,95.0,100.0,2000
20110831,90.0,100.0,95.0,100.0,2000
20110901,95.0,95.0,95.0,95.0,-
20110902,95.0,95.0,95.0,95.0,-
20110905,95.0,95.0,95.0,95.0,-
20110906,95.0,95.5,95.0,95.0,86900
20110907,90.0,95.0,90.0,95.0,2100
20110908,90.0,90.0,90.0,90.0,-
20110909,90.0,90.0,90.0,90.0,-
20110912,90.0,91.0,90.5,90.0,1900
20110913,90.5,90.5,90.5,90.5,-
20110914,90.5,90.5,90.5,90.5,-
20110915,90.5,90.5,90.5,90.5,-
20110916,90.5,90.5,90.5,90.5,-
20110919,90.5,90.5,90.5,90.5,-
20110920,99.0,99.0,99.0,90.5,100
20110921,99.0,99.0,99.0,99.0,-
20110922,91.0,95.0,91.0,99.0,83600
20110923,91.0,91.0,91.0,91.0,500
20110926,91.0,91.0,91.0,91.0,-
20110927,91.0,91.0,91.0,91.0,-
20110928,91.0,91.0,91.0,91.0,100
20110929,91.0,91.0,91.0,91.0,-
20110930,91.0,91.0,91.0,91.0,-
20111003,95.0,99.0,97.0,91.0,200
20111004,97.0,97.0,97.0,97.0,-
20111005,97.0,97.0,97.0,97.0,-
20111006,97.0,97.0,97.0,97.0,-
20111007,97.0,97.0,97.0,97.0,-
20111010,95.0,95.0,95.0,97.0,500
20111011,91.0,97.0,96.0,95.0,1200
20111012,96.0,96.0,96.0,96.0,-
20111013,96.0,96.0,96.0,96.0,-
20111014,98.0,98.0,98.0,96.0,500
20111017,98.0,98.0,98.0,98.0,500
20111018,99.0,99.0,99.0,98.0,900
20111019,99.0,99.0,99.0,99.0,-
20111021,91.0,98.0,91.5,99.0,1100
20111024,91.5,91.5,91.5,91.5,-
20111025,98.0,98.0,98.0,91.5,100
20111026,98.0,98.0,98.0,98.0,-
20111027,98.0,98.0,98.0,98.0,-
20111028,98.0,98.0,98.0,98.0,-
20111031,98.0,98.0,98.0,98.0,-
20111101,98.0,98.0,98.0,98.0,-
20111102,98.0,98.0,98.0,98.0,300
20111103,98.0,98.0,98.0,98.0,-
20111104,98.0,98.0,98.0,98.0,-
20111107,98.0,98.0,98.0,98.0,-
20111108,98.0,98.0,98.0,98.0,-
20111109,98.0,98.0,98.0,98.0,-
20111110,98.0,98.0,98.0,98.0,-
20111111,98.0,98.0,98.0,98.0,-
20111114,100.0,100.0,100.0,98.0,500
20111115,100.0,100.0,100.0,100.0,-
20111116,100.0,100.0,100.0,100.0,-
20111117,95.0,95.0,95.0,100.0,900
20111118,95.0,95.0,95.0,95.0,-
20111121,95.0,95.0,95.0,95.0,100
20111122,95.0,95.0,95.0,95.0,-
20111123,95.0,95.0,95.0,95.0,-
20111124,95.0,95.0,95.0,95.0,-
20111125,96.0,96.0,96.0,95.0,100
20111128,96.0,96.0,96.0,96.0,-
20111129,96.0,96.0,96.0,96.0,100
20111130,96.0,96.0,96.0,96.0,-
20111201,96.0,96.0,96.0,96.0,-
20111202,95.0,95.0,95.0,96.0,1000
20111205,90.0,93.0,90.0,95.0,2000
20111206,90.0,90.0,90.0,90.0,-
20111207,90.0,90.0,90.0,90.0,-
20111208,95.0,95.0,95.0,90.0,900
20111209,95.0,95.0,95.0,95.0,-
20111213,95.0,95.0,95.0,95.0,-
20111214,95.0,95.0,95.0,95.0,-
20111215,95.0,95.0,95.0,95.0,100
20111216,95.0,95.0,95.0,95.0,-
20111219,98.0,98.0,98.0,95.0,100
20111220,98.0,98.0,98.0,98.0,-
20111221,98.0,98.0,98.0,98.0,300
20111222,98.0,98.0,98.0,98.0,-
20111223,89.0,98.0,96.5,98.0,1200
20111227,96.5,96.5,96.5,96.5,-
20111228,100.0,100.0,100.0,96.5,100
20111229,100.0,100.0,100.0,100.0,-
20111230,100.0,100.0,100.0,100.0,800
20120103,100.0,100.0,100.0,100.0,-
20120104,100.0,100.0,100.0,100.0,-
20120105,100.0,100.0,100.0,100.0,-
20120106,100.0,100.0,100.0,100.0,200
20120109,100.0,100.0,100.0,100.0,-
20120110,100.0,100.0,100.0,100.0,-
20120111,100.0,100.0,100.0,100.0,-
20120112,100.0,100.0,100.0,100.0,-
20120113,100.0,100.0,100.0,100.0,200
20120116,100.0,100.0,100.0,100.0,-
20120117,100.0,101.0,100.0,100.0,14200
20120118,100.0,100.0,100.0,100.0,100
20120119,90.5,100.0,91.5,100.0,2600
20120120,100.0,100.0,100.0,91.5,500
20120123,100.0,100.0,100.0,100.0,-
20120124,100.0,100.0,100.0,100.0,5500
20120125,100.0,100.0,100.0,100.0,-
20120126,100.0,100.0,100.0,100.0,-
20120127,100.0,100.0,100.0,100.0,1000
20120130,100.0,100.0,100.0,100.0,2200
20120131,110.0,110.0,110.0,100.0,500
20120201,110.0,110.0,110.0,110.0,-
20120202,117.0,118.0,117.0,110.0,2000
20120203,118.0,118.0,118.0,117.0,300
20120206,118.0,118.0,118.0,118.0,100
20120207,118.0,118.0,118.0,118.0,-
20120208,118.0,118.0,118.0,118.0,-
20120209,118.0,118.0,118.0,118.0,-
20120210,116.0,116.0,116.0,118.0,100
20120213,116.0,116.0,116.0,116.0,-
20120214,116.0,116.0,116.0,116.0,-
20120215,116.0,116.0,116.0,116.0,1500
20120216,120.0,125.0,122.0,116.0,1900
20120217,122.0,125.0,123.0,122.0,2400
20120220,123.0,123.0,123.0,123.0,-
20120221,123.0,123.0,123.0,123.0,-
20120222,111.0,125.0,119.0,123.0,4800
20120223,119.0,119.0,119.0,119.0,-
20120224,119.0,119.0,119.0,119.0,-
20120227,119.0,119.0,119.0,119.0,-
20120228,119.0,119.0,119.0,119.0,-
20120229,119.0,119.0,119.0,119.0,-
20120301,119.0,119.0,119.0,119.0,-
20120302,115.0,115.0,115.0,119.0,100
20120305,118.0,118.0,118.0,115.0,1500
20120306,118.0,118.0,118.0,118.0,-
20120307,118.0,118.0,118.0,118.0,-
20120308,120.0,120.0,120.0,118.0,100
20120309,118.0,123.0,119.0,120.0,300
20120312,123.0,125.0,123.0,119.0,1000
20120313,118.0,118.0,118.0,123.0,1000
20120314,117.0,117.0,117.0,118.0,100
20120315,117.0,117.0,117.0,117.0,-
20120316,110.0,118.0,115.0,117.0,1300
20120319,115.0,115.0,115.0,115.0,-
20120320,115.0,115.0,115.0,115.0,-
20120321,115.0,115.0,115.0,115.0,-
20120322,115.0,115.0,115.0,115.0,-
20120323,115.0,115.0,115.0,115.0,-
20120326,115.0,120.0,118.0,115.0,4700
20120327,120.0,120.0,120.0,118.0,2200
20120328,120.0,120.0,120.0,120.0,-
20120329,120.0,120.0,120.0,120.0,-
20120330,120.0,120.0,120.0,120.0,-
20120402,115.0,115.0,115.0,120.0,200
20120403,115.0,115.0,115.0,115.0,-
20120404,115.0,115.0,115.0,115.0,10000
20120405,115.0,115.0,115.0,115.0,-
20120410,115.0,115.0,115.0,115.0,-
20120411,115.0,115.0,115.0,115.0,-
20120412,115.0,115.0,115.0,115.0,-
20120413,115.0,115.0,115.0,115.0,-
20120416,115.0,115.0,115.0,115.0,-
20120417,115.0,115.0,115.0,115.0,100
20120418,115.0,115.0,115.0,115.0,-
20120419,115.0,115.0,115.0,115.0,200
20120420,115.0,115.0,115.0,115.0,-
20120423,115.0,115.0,115.0,115.0,6000
20120424,115.0,115.0,115.0,115.0,6000
20120425,115.0,115.0,115.0,115.0,-
20120426,115.0,115.0,115.0,115.0,-
20120427,115.0,115.0,115.0,115.0,200
20120430,115.0,115.0,115.0,115.0,-
20120502,104.0,108.0,106.0,115.0,400
20120503,115.0,115.0,115.0,106.0,100
20120504,107.0,107.0,107.0,115.0,1400
20120507,115.0,115.0,115.0,107.0,600
20120508,115.0,115.0,115.0,115.0,800
20120509,110.0,115.0,110.0,115.0,5100
20120510,110.0,110.0,110.0,110.0,400
20120511,110.0,110.0,110.0,110.0,-
20120514,110.0,110.0,110.0,110.0,700
20120515,110.0,110.0,110.0,110.0,300
20120516,110.0,110.0,110.0,110.0,2200
20120517,110.0,110.0,110.0,110.0,-
20120518,110.0,110.0,110.0,110.0,2200
20120521,110.0,110.0,110.0,110.0,200
20120522,110.0,110.0,110.0,110.0,-
20120523,110.0,110.0,110.0,110.0,1300
20120524,109.0,109.0,109.0,110.0,900
20120525,109.0,109.0,109.0,109.0,-
20120528,109.0,109.0,109.0,109.0,-
20120529,109.0,109.0,109.0,109.0,-
20120530,106.0,110.0,109.0,109.0,600
20120531,115.0,115.0,115.0,109.0,3000
20120604,115.0,115.0,115.0,115.0,-
20120605,115.0,115.0,115.0,115.0,-
20120606,115.0,115.0,115.0,115.0,-
20120607,115.0,115.0,115.0,115.0,-
20120608,110.0,110.0,110.0,115.0,100
20120611,109.0,115.0,109.0,110.0,8100
20120612,109.0,109.0,109.0,109.0,200
20120613,109.0,109.0,109.0,109.0,-
20120614,109.0,109.0,109.0,109.0,2900
20120615,109.0,109.0,109.0,109.0,-
20120618,110.0,110.0,110.0,109.0,1000
20120619,110.0,110.0,110.0,110.0,-
20120620,110.0,110.0,110.0,110.0,-
20120621,110.0,110.0,110.0,110.0,-
20120622,110.0,110.0,110.0,110.0,-
20120625,110.0,110.0,110.0,110.0,200
20120626,115.0,115.0,115.0,110.0,100
20120627,115.0,115.0,115.0,115.0,900
20120628,118.0,120.0,119.0,115.0,1600
20120629,119.0,119.0,119.0,119.0,-
20120702,119.0,119.0,119.0,119.0,2100
20120703,120.0,120.0,120.0,119.0,300
20120704,120.0,122.0,121.0,120.0,500
20120705,122.0,123.0,122.0,121.0,2200
20120706,120.0,120.0,120.0,122.0,500
20120709,120.0,123.0,121.0,120.0,300
20120710,130.0,130.0,130.0,121.0,100
20120711,121.0,125.0,124.0,130.0,3700
20120712,115.0,115.0,115.0,124.0,100
20120713,115.0,115.0,115.0,115.0,-
20120716,125.0,125.0,125.0,115.0,100
20120717,125.0,125.0,125.0,125.0,-
20120718,125.0,125.0,125.0,125.0,-
20120719,125.0,125.0,125.0,125.0,-
20120720,120.0,120.0,120.0,125.0,27600
20120723,120.0,120.0,120.0,120.0,-
20120724,120.0,120.0,120.0,120.0,-
20120725,120.0,120.0,120.0,120.0,-
20120726,120.0,120.0,120.0,120.0,200
20120727,120.0,120.0,120.0,120.0,-
20120730,120.0,120.0,120.0,120.0,-
20120731,120.0,120.0,120.0,120.0,1100
20120801,120.0,120.0,120.0,120.0,1200
20120802,115.0,115.0,115.0,120.0,1000
20120803,115.0,115.0,115.0,115.0,-
20120806,112.0,112.0,112.0,115.0,200
20120807,110.0,112.0,111.0,112.0,1000
20120808,111.0,111.0,111.0,111.0,-
20120809,112.0,112.0,112.0,111.0,1100
20120810,112.0,112.0,112.0,112.0,-
20120813,112.0,112.0,112.0,112.0,300
20120814,110.0,112.0,110.0,112.0,400
20120815,111.0,112.0,111.0,110.0,4600
20120816,111.0,111.0,111.0,111.0,-
20120817,111.0,111.0,111.0,111.0,-
20120820,111.0,111.0,111.0,111.0,-
20120821,111.0,115.0,111.0,111.0,6700
20120822,111.0,112.0,111.0,111.0,6000
20120823,111.0,111.0,111.0,111.0,-
20120824,110.0,115.0,110.0,111.0,102900
20120827,100.0,109.0,101.0,110.0,600
20120828,105.0,108.0,106.0,101.0,300
20120829,101.0,108.0,101.0,106.0,40500
20120830,101.0,108.0,102.0,101.0,500
20120831,102.0,102.0,102.0,102.0,100
20120903,100.0,103.0,101.0,102.0,3200
20120904,101.0,101.0,101.0,101.0,-
20120905,101.0,101.0,101.0,101.0,500
20120906,101.0,101.0,101.0,101.0,-
20120907,101.0,101.0,101.0,101.0,100
20120910,102.0,102.0,102.0,101.0,3900
20120911,102.0,102.0,102.0,102.0,4000
20120912,102.0,102.0,102.0,102.0,1700
20120913,102.0,110.0,106.0,102.0,500
20120914,102.0,102.0,102.0,106.0,200
20120917,102.0,102.0,102.0,102.0,-
20120918,102.0,102.0,102.0,102.0,-
20120919,102.0,102.0,102.0,102.0,-
20120920,102.0,102.0,102.0,102.0,-
20120921,102.0,102.0,102.0,102.0,800
20120924,102.0,102.0,102.0,102.0,200
20120925,102.0,102.0,102.0,102.0,-
20120926,102.0,102.0,102.0,102.0,-
20120927,102.0,102.0,102.0,102.0,-
20120928,102.0,102.0,102.0,102.0,-
20121001,102.0,102.0,102.0,102.0,-
20121002,102.0,102.0,102.0,102.0,-
20121003,110.0,112.0,111.0,102.0,2000
20121004,112.0,112.0,112.0,111.0,2100
20121005,112.0,112.0,112.0,112.0,-
20121008,102.0,102.0,102.0,112.0,200
20121009,102.0,102.0,102.0,102.0,-
20121010,102.0,102.0,102.0,102.0,-
20121011,102.0,102.0,102.0,102.0,900
20121012,102.0,102.0,102.0,102.0,300
20121015,102.0,102.0,102.0,102.0,-
20121016,102.0,102.0,102.0,102.0,800
20121017,102.0,102.0,102.0,102.0,-
20121018,102.0,102.0,102.0,102.0,-
20121019,102.0,102.0,102.0,102.0,-
20121022,102.0,102.0,102.0,102.0,-
20121023,102.0,102.0,102.0,102.0,-
20121024,110.0,110.0,110.0,102.0,100
20121025,110.0,110.0,110.0,110.0,-
20121026,110.0,110.0,110.0,110.0,-
20121029,112.0,112.0,112.0,110.0,500
20121030,112.0,112.0,112.0,112.0,-
20121031,112.0,115.0,113.0,112.0,200
20121101,113.0,113.0,113.0,113.0,-
20121102,113.0,113.0,113.0,113.0,-
20121105,113.0,113.0,113.0,113.0,-
20121106,113.0,113.0,113.0,113.0,100
20121107,113.0,113.0,113.0,113.0,-
20121108,113.0,113.0,113.0,113.0,-
20121109,113.0,113.0,113.0,113.0,-
20121112,113.0,113.0,113.0,113.0,-
20121113,113.0,113.0,113.0,113.0,100
20121114,113.0,113.0,113.0,113.0,-
20121115,113.0,113.0,113.0,113.0,-
20121116,113.0,113.0,113.0,113.0,-
20121119,113.0,113.0,113.0,113.0,100
20121120,113.0,113.0,113.0,113.0,-
20121121,110.0,110.0,110.0,113.0,4100
20121122,107.0,110.0,108.0,110.0,4300
20121123,108.0,108.0,108.0,108.0,-
20121126,108.0,108.0,108.0,108.0,-
20121127,108.0,108.0,108.0,108.0,-
20121128,108.0,108.0,108.0,108.0,-
20121129,108.0,108.0,108.0,108.0,-
20121130,105.0,108.0,106.0,108.0,1500
20121203,106.0,106.0,106.0,106.0,-
20121204,105.0,105.0,105.0,106.0,700
20121205,102.0,105.0,104.0,105.0,14100
20121206,104.0,104.0,104.0,104.0,-
20121207,104.0,104.0,104.0,104.0,-
20121210,104.0,104.0,104.0,104.0,-
20121211,100.0,103.0,100.0,104.0,5000
20121213,100.0,101.0,100.0,100.0,4300
20121214,97.0,100.0,98.0,100.0,5200
20121217,90.0,98.0,90.0,98.0,16300
20121218,90.0,90.0,90.0,90.0,-
20121219,90.0,90.0,90.0,90.0,-
20121220,99.0,99.0,99.0,90.0,100
20121221,99.0,100.0,99.5,99.0,113300
20121224,99.5,99.5,99.5,99.5,-
20121227,99.5,99.5,99.5,99.5,-
20121228,99.5,99.5,99.5,99.5,-
20121231,99.5,99.5,99.5,99.5,-
20130102,99.5,99.5,99.5,99.5,-
20130103,99.5,100.0,99.5,99.5,13000
20130104,99.5,100.0,99.5,99.5,11900
20130107,99.0,100.0,99.5,99.5,15000
20130108,99.0,100.0,99.5,99.5,10300
20130109,100.0,100.0,100.0,99.5,12600
20130110,100.0,100.0,100.0,100.0,46600
20130111,100.0,100.0,100.0,100.0,76900
20130114,100.0,100.0,100.0,100.0,300
20130115,99.0,100.0,99.0,100.0,9400
20130116,100.0,100.0,100.0,99.0,10400
20130117,100.0,100.0,100.0,100.0,5900
20130118,99.5,101.0,99.5,100.0,18900
20130121,100.0,100.0,100.0,99.5,4100
20130122,95.0,100.0,95.0,100.0,33300
20130123,95.0,95.0,95.0,95.0,-
20130124,98.0,98.0,98.0,95.0,400
20130125,98.0,98.0,98.0,98.0,1000
20130128,98.0,98.0,98.0,98.0,200
20130129,98.0,98.0,98.0,98.0,100
20130130,98.0,98.0,98.0,98.0,-
20130131,105.0,105.0,105.0,98.0,1000
20130201,105.0,105.0,105.0,105.0,-
20130204,105.0,105.0,105.0,105.0,1400
20130205,105.0,105.0,105.0,105.0,-
20130206,105.0,105.0,105.0,105.0,-
20130207,101.0,101.0,101.0,105.0,3000
20130208,100.0,101.0,100.0,101.0,2300
20130211,100.0,100.0,100.0,100.0,-
20130212,100.0,100.0,100.0,100.0,-
20130213,100.0,100.0,100.0,100.0,-
20130214,109.0,109.0,109.0,100.0,100
20130215,108.0,108.0,108.0,109.0,300
20130218,100.0,100.0,100.0,108.0,221400
20130219,100.0,100.0,100.0,100.0,12200
20130220,105.0,105.0,105.0,100.0,200
20130221,103.0,103.0,103.0,105.0,1300
20130222,100.0,100.0,100.0,103.0,100
20130225,100.0,100.0,100.0,100.0,1900
20130226,100.0,100.0,100.0,100.0,10000
20130227,100.0,100.0,100.0,100.0,599900
20130228,106.0,106.0,106.0,100.0,1000
20130301,106.0,106.0,106.0,106.0,100
20130304,106.0,106.0,106.0,106.0,100
20130305,106.0,106.0,106.0,106.0,-
20130306,101.0,101.0,101.0,106.0,17000
20130307,101.0,101.0,101.0,101.0,-
20130308,101.0,101.0,101.0,101.0,-
20130311,100.0,105.0,100.0,101.0,633200
20130312,100.0,105.0,101.0,100.0,29400
20130313,91.0,100.0,99.5,101.0,2400
20130314,100.0,100.0,100.0,99.5,6600
20130315,100.0,100.0,100.0,100.0,68000
20130318,100.0,100.0,100.0,100.0,-
20130319,98.0,100.0,99.5,100.0,4000
20130320,99.5,99.5,99.5,99.5,-
20130321,100.0,101.0,100.0,99.5,15300
20130322,100.0,110.0,100.0,100.0,5700
20130325,107.0,107.0,107.0,100.0,100
20130326,107.0,107.0,107.0,107.0,200
20130327,101.0,101.0,101.0,107.0,1000
20130328,101.0,105.0,101.0,101.0,700
20130402,101.0,107.0,102.0,101.0,3700
20130403,105.0,110.0,108.0,102.0,7600
20130404,108.0,108.0,108.0,108.0,-
20130405,107.0,110.0,107.0,108.0,5300
20130408,110.0,110.0,110.0,107.0,100
20130409,110.0,110.0,110.0,107.0,100
20130410,110.0,110.0,110.0,110.0,-
20130411,110.0,110.0,110.0,110.0,900
20130412,110.0,110.0,110.0,110.0,2600
20130415,110.0,115.0,110.0,110.0,3500
20130416,110.0,110.0,110.0,110.0,15900
20130417,110.0,110.0,110.0,110.0,20000
20130418,110.0,110.0,110.0,110.0,5100
20130419,110.0,110.0,110.0,110.0,-
20130422,110.0,110.0,110.0,110.0,-
20130423,110.0,111.0,110.0,110.0,4100
20130424,110.0,110.0,110.0,110.0,8000
20130425,110.0,110.0,110.0,110.0,-
20130426,110.0,110.0,110.0,110.0,9400
20130429,106.0,110.0,109.0,110.0,2400
20130430,110.0,110.0,110.0,109.0,16900
20130502,110.0,110.0,110.0,110.0,-
20130503,110.0,110.0,110.0,110.0,2500
20130506,110.0,110.0,110.0,110.0,-
20130507,110.0,110.0,110.0,110.0,1000
20130508,110.0,110.0,110.0,110.0,-
20130509,110.0,110.0,110.0,110.0,-
20130510,110.0,110.0,110.0,110.0,1200
20130513,110.0,110.0,110.0,110.0,-
20130514,110.0,110.0,110.0,110.0,-
20130515,115.0,115.0,115.0,110.0,1900
20130516,115.0,115.0,115.0,115.0,-
20130517,111.0,111.0,111.0,115.0,500
20130520,111.0,111.0,111.0,111.0,-
20130521,111.0,111.0,111.0,111.0,-
20130522,111.0,111.0,111.0,111.0,2000
20130523,111.0,111.0,111.0,111.0,-
20130524,111.0,111.0,111.0,111.0,1000
20130527,115.0,115.0,115.0,111.0,1500
20130528,115.0,115.0,115.0,115.0,-
20130529,115.0,115.0,115.0,115.0,-
20130530,115.0,115.0,115.0,115.0,1400
20130531,115.0,115.0,115.0,115.0,-
20130603,112.0,112.0,112.0,115.0,200
20130604,115.0,117.0,115.0,112.0,4900
20130605,115.0,115.0,115.0,115.0,200
20130606,115.0,115.0,115.0,115.0,-
20130607,115.0,115.0,115.0,115.0,-
20130610,115.0,115.0,115.0,115.0,-
20130611,115.0,115.0,115.0,115.0,-
20130612,115.0,115.0,115.0,115.0,-
20130613,115.0,115.0,115.0,115.0,-
20130614,115.0,115.0,115.0,115.0,-
20130617,115.0,116.0,115.0,115.0,3800
20130618,115.0,115.0,115.0,115.0,300
20130619,110.0,110.0,110.0,115.0,500
20130620,110.0,110.0,110.0,110.0,1100
20130621,110.0,110.0,110.0,110.0,-
20130624,110.0,110.0,110.0,110.0,4500
20130625,110.0,110.0,110.0,110.0,-
20130626,115.0,115.0,115.0,110.0,100
20130627,115.0,115.0,115.0,115.0,-
20130628,115.0,115.0,115.0,115.0,-
20130701,115.0,115.0,115.0,115.0,-
20130702,115.0,115.0,115.0,115.0,-
20130703,115.0,115.0,115.0,115.0,-
20130704,115.0,115.0,115.0,115.0,-
20130705,115.0,115.0,115.0,115.0,100
20130708,115.0,115.0,115.0,115.0,-
20130709,116.0,116.0,116.0,115.0,100
20130710,116.0,116.0,116.0,116.0,-
20130711,116.0,116.0,116.0,116.0,-
20130712,116.0,116.0,116.0,116.0,-
20130715,115.0,115.0,115.0,116.0,12000
20130716,115.0,115.0,115.0,115.0,4000
20130717,115.0,115.0,115.0,115.0,2000
20130718,115.0,115.0,115.0,115.0,-
20130719,115.0,115.0,115.0,115.0,-
20130722,116.0,116.0,116.0,115.0,100
20130723,115.0,115.0,115.0,116.0,200
20130724,116.0,116.0,116.0,115.0,100
20130725,116.0,116.0,116.0,116.0,-
20130726,116.0,116.0,116.0,116.0,-
20130729,116.0,116.0,116.0,116.0,-
20130730,111.0,111.0,111.0,116.0,1000
20130731,111.0,111.0,111.0,111.0,-
20130801,111.0,111.0,111.0,111.0,-
20130802,111.0,111.0,111.0,111.0,-
20130805,111.0,111.0,111.0,111.0,-
20130806,115.0,115.0,115.0,111.0,10000
20130807,115.0,115.0,115.0,115.0,-
20130808,114.0,115.0,114.0,115.0,18300
20130809,114.0,115.0,114.0,115.0,18300
20130812,113.0,115.0,114.0,114.0,1100
20130813,115.0,115.0,115.0,114.0,100
20130814,115.0,115.0,115.0,115.0,-
20130815,114.0,115.0,114.0,115.0,4000
20130816,114.0,114.0,114.0,114.0,-
20130819,114.0,114.0,114.0,114.0,-
20130820,114.0,114.0,114.0,114.0,-
20130821,120.0,120.0,120.0,114.0,200
20130822,120.0,120.0,120.0,120.0,-
20130823,114.0,116.0,115.0,120.0,18900
20130826,115.0,115.0,115.0,115.0,-
20130827,115.0,115.0,115.0,115.0,-
20130828,115.0,115.0,115.0,115.0,-
20130829,119.0,119.0,119.0,115.0,300
20130830,119.0,119.0,119.0,119.0,-
20130902,119.0,119.0,119.0,119.0,-
20130903,119.0,119.0,119.0,119.0,300
20130904,125.0,125.0,125.0,119.0,2000
20130905,119.0,119.0,119.0,125.0,1200
20130906,125.0,125.0,125.0,119.0,100
20130909,125.0,125.0,125.0,125.0,-
20130910,125.0,125.0,125.0,125.0,-
20130911,125.0,125.0,125.0,125.0,-
20130912,125.0,125.0,125.0,125.0,-
20130913,125.0,125.0,125.0,125.0,100
20130916,120.0,120.0,120.0,125.0,300
20130917,124.0,125.0,124.0,120.0,2500
20130918,125.0,125.0,125.0,124.0,400
20130919,125.0,125.0,125.0,125.0,3600
20130920,125.0,125.0,125.0,125.0,-
20130923,125.0,125.0,125.0,125.0,-
20130924,125.0,125.0,125.0,125.0,-
20130925,125.0,125.0,125.0,125.0,-
20130926,125.0,125.0,125.0,125.0,500
20130927,125.0,125.0,125.0,125.0,-
20130930,125.0,125.0,125.0,125.0,100
20131001,125.0,125.0,125.0,125.0,100
20131002,125.0,125.0,125.0,125.0,500
20131003,125.0,125.0,125.0,125.0,-
20131004,125.0,125.0,125.0,125.0,-
20131007,125.0,125.0,125.0,125.0,100
20131008,125.0,125.0,125.0,125.0,-
20131009,125.0,125.0,125.0,125.0,-
20131010,113.0,125.0,115.0,125.0,600
20131011,114.0,114.0,114.0,115.0,300
20131014,114.0,114.0,114.0,114.0,-
20131015,114.0,114.0,114.0,114.0,-
20131016,116.0,116.0,116.0,114.0,100
20131017,116.0,116.0,116.0,116.0,-
20131018,116.0,116.0,116.0,116.0,-
20131022,116.0,116.0,116.0,116.0,-
20131023,116.0,116.0,116.0,116.0,700
20131024,116.0,116.0,116.0,116.0,-
20131025,125.0,125.0,125.0,116.0,100
20131028,115.0,125.0,120.0,125.0,1600
20131029,115.0,125.0,120.0,125.0,1600
20131030,120.0,120.0,120.0,120.0,-
20131031,125.0,125.0,125.0,120.0,100
20131101,125.0,125.0,125.0,125.0,-
20131104,125.0,125.0,125.0,125.0,100
20131105,124.0,125.0,124.0,125.0,200
20131106,125.0,125.0,125.0,124.0,5800
20131107,125.0,125.0,125.0,125.0,900
20131108,127.0,127.0,127.0,125.0,100
20131111,127.0,127.0,127.0,127.0,-
20131112,127.0,127.0,127.0,127.0,500
20131113,127.0,127.0,127.0,127.0,1500
20131114,127.0,127.0,127.0,127.0,-
20131115,127.0,127.0,127.0,127.0,-
20131118,127.0,127.0,127.0,127.0,-
20131119,126.0,126.0,126.0,127.0,1200
20131120,126.0,126.0,126.0,126.0,-
20131121,126.0,126.0,126.0,126.0,5000
20131122,126.0,126.0,126.0,126.0,6600
20131125,126.0,126.0,126.0,126.0,400
20131126,126.0,126.0,126.0,126.0,7000
20131127,126.0,126.0,126.0,126.0,-
20131128,126.0,126.0,126.0,126.0,600
20131129,126.0,126.0,126.0,126.0,1000
20131202,125.0,125.0,125.0,126.0,1900
20131203,120.0,125.0,120.0,125.0,40100
20131204,120.0,120.0,120.0,120.0,500
20131205,121.0,125.0,124.0,120.0,600
20131206,124.0,125.0,124.0,124.0,1200
20131209,125.0,125.0,125.0,124.0,400
20131210,122.0,122.0,122.0,125.0,200
20131211,125.0,125.0,125.0,122.0,50300
20131213,125.0,125.0,125.0,122.0,50300
20131216,125.0,125.0,125.0,125.0,-
20131217,125.0,125.0,125.0,125.0,-
20131218,120.0,123.0,122.0,125.0,5100
20131219,122.0,122.0,122.0,122.0,-
20131220,125.0,125.0,125.0,122.0,2000
20131223,126.0,126.0,126.0,125.0,2500
20131224,125.0,126.0,125.0,126.0,400
20131227,125.0,125.0,125.0,125.0,-
20131230,125.0,125.0,125.0,125.0,-
20131231,125.0,125.0,125.0,125.0,-
20140102,125.0,125.0,125.0,125.0,-
20140103,126.0,126.0,126.0,125.0,400
20140106,126.0,126.0,126.0,126.0,-
20140107,126.0,126.0,126.0,126.0,-
20140108,126.0,126.0,126.0,126.0,500
20140109,133.0,133.0,133.0,126.0,8800
20140110,133.0,135.0,133.0,133.0,2800
20140113,133.0,133.0,133.0,133.0,-
20140114,133.0,143.0,139.0,133.0,1600
20140115,139.0,145.0,142.0,139.0,4900
20140116,145.0,145.0,145.0,142.0,1400
20140117,147.0,159.0,156.0,145.0,14400
20140120,159.0,159.0,159.0,156.0,32600
20140121,159.0,165.0,164.0,159.0,33400
20140122,164.0,170.0,168.0,164.0,5200
20140123,170.0,171.0,170.0,168.0,38600
20140124,172.0,178.0,175.0,170.0,84000
20140127,176.0,178.0,177.0,175.0,2800
20140128,180.0,190.0,189.0,177.0,6400
20140129,175.0,185.0,178.0,189.0,9600
20140130,170.0,170.0,170.0,178.0,1500
20140131,170.0,170.0,170.0,170.0,-
20140203,165.0,165.0,165.0,170.0,2000
20140204,170.0,170.0,170.0,165.0,17900
20140205,170.0,170.0,170.0,170.0,20300
20140206,169.0,170.0,169.0,170.0,2200
20140207,169.0,169.0,169.0,169.0,3000
20140210,165.0,165.0,165.0,169.0,100
20140211,160.0,165.0,160.0,165.0,1200
20140212,149.0,155.0,151.0,160.0,4500
20140213,150.0,150.0,150.0,151.0,4500
20140214,151.0,151.0,151.0,150.0,200
20140217,162.0,162.0,162.0,151.0,3700
20140218,165.0,165.0,165.0,162.0,1000
20140219,165.0,165.0,165.0,165.0,-
20140220,165.0,165.0,165.0,165.0,500
20140221,165.0,165.0,165.0,165.0,-
20140224,165.0,165.0,165.0,165.0,-
20140225,164.0,164.0,164.0,165.0,600
20140226,160.0,160.0,160.0,164.0,3500
20140227,165.0,170.0,169.0,160.0,20000
20140228,169.0,169.0,169.0,169.0,-
20140303,160.0,165.0,164.0,169.0,4100
20140304,164.0,164.0,164.0,164.0,-
20140305,169.0,169.0,169.0,164.0,1200
20140306,155.0,155.0,155.0,169.0,2200
20140307,151.0,151.0,151.0,155.0,1500
20140310,151.0,151.0,151.0,151.0,-
20140311,154.0,165.0,154.0,151.0,13100
20140312,155.0,165.0,155.0,154.0,13400
20140313,155.0,155.0,155.0,155.0,-
20140314,155.0,155.0,155.0,155.0,-
20140317,155.0,155.0,155.0,155.0,2500
20140318,153.0,155.0,154.0,155.0,5300
20140319,154.0,154.0,154.0,154.0,-
20140320,150.0,150.0,150.0,154.0,3900
20140321,150.0,150.0,150.0,150.0,-
20140324,150.0,150.0,150.0,150.0,-
20140325,150.0,150.0,150.0,150.0,-
20140326,150.0,150.0,150.0,150.0,-
20140327,150.0,150.0,150.0,150.0,2300
20140328,150.0,150.0,150.0,150.0,-
20140331,140.0,145.0,141.0,150.0,13700
20140401,140.0,140.0,140.0,141.0,2300
20140402,140.0,140.0,140.0,140.0,-
20140403,140.0,140.0,140.0,140.0,300
20140404,140.0,140.0,140.0,140.0,-
20140407,140.0,140.0,140.0,140.0,-
20140408,140.0,140.0,140.0,140.0,700
20140409,143.0,143.0,143.0,140.0,1300
20140410,145.0,145.0,145.0,143.0,1000
20140411,145.0,145.0,145.0,145.0,500
20140414,141.0,144.0,141.0,145.0,3400
20140415,150.0,150.0,150.0,141.0,7000
20140416,140.0,150.0,142.0,150.0,11000
20140417,147.0,147.0,147.0,142.0,1000
20140422,136.0,147.0,137.0,147.0,1200
20140423,137.0,137.0,137.0,137.0,-
20140424,137.0,137.0,137.0,137.0,-
20140425,148.0,148.0,148.0,137.0,100
20140428,147.0,147.0,147.0,148.0,3200
20140429,148.0,148.0,148.0,147.0,2500
20140430,137.0,139.0,137.0,148.0,3300
20140502,137.0,137.0,137.0,137.0,-
20140505,147.0,147.0,147.0,137.0,100
20140506,138.0,140.0,139.0,147.0,2900
20140507,139.0,140.0,139.0,139.0,9700
20140508,138.0,140.0,139.0,139.0,7600
20140509,138.0,140.0,139.0,139.0,210700
20140512,140.0,141.0,140.0,139.0,105700
20140513,139.0,140.0,139.0,140.0,32100
20140514,140.0,140.0,140.0,139.0,18100
20140515,138.0,140.0,139.0,140.0,40900
20140516,140.0,140.0,140.0,139.0,83700
20140519,140.0,141.0,140.0,140.0,2000
20140520,140.0,145.0,141.0,140.0,2500
20140521,142.0,142.0,142.0,141.0,400
20140522,140.0,147.0,141.0,142.0,8100
20140523,142.0,142.0,142.0,141.0,200
20140526,147.0,147.0,147.0,142.0,300
20140527,142.0,142.0,142.0,147.0,100
20140528,142.0,142.0,142.0,142.0,-
20140529,142.0,147.0,144.0,142.0,14700
20140530,142.0,142.0,142.0,144.0,600
20140603,145.0,145.0,145.0,142.0,100
20140604,145.0,145.0,145.0,145.0,-
20140605,140.0,147.0,144.0,145.0,300
20140606,145.0,145.0,145.0,144.0,3500
20140609,145.0,145.0,145.0,145.0,-
20140610,148.0,148.0,148.0,145.0,500
20140611,148.0,148.0,148.0,148.0,-
20140612,141.0,141.0,141.0,148.0,3600
20140613,140.0,147.0,141.0,141.0,500
20140616,140.0,140.0,140.0,141.0,100
20140617,140.0,140.0,140.0,140.0,-
20140618,147.0,147.0,147.0,140.0,1000
20140619,145.0,145.0,145.0,147.0,1000
20140620,145.0,145.0,145.0,145.0,-
20140623,145.0,145.0,145.0,145.0,-
20140624,145.0,145.0,145.0,145.0,-
20140625,144.0,145.0,144.0,145.0,19100
20140626,140.0,142.0,141.0,144.0,1100
20140627,147.0,150.0,149.0,141.0,7000
20140630,149.0,150.0,149.0,149.0,900
20140701,148.0,150.0,149.0,149.0,2500
20140702,149.0,150.0,149.0,149.0,1500
20140703,149.0,149.0,149.0,149.0,300
20140704,149.0,149.0,149.0,149.0,100
20140707,149.0,149.0,149.0,149.0,-
20140708,144.0,149.0,144.0,149.0,2100
20140709,140.0,140.0,140.0,144.0,400
20140710,145.0,145.0,145.0,140.0,800
20140711,145.0,145.0,145.0,145.0,-
20140714,140.0,140.0,140.0,145.0,1200
20140715,140.0,141.0,140.0,140.0,2500
20140716,140.0,140.0,140.0,140.0,-
20140717,140.0,141.0,140.0,140.0,1600
20140718,140.0,140.0,140.0,140.0,-
20140721,148.0,149.0,148.0,140.0,4000
20140722,148.0,148.0,148.0,148.0,3000
20140723,148.0,148.0,148.0,148.0,-
20140724,148.0,148.0,148.0,148.0,-
20140725,148.0,148.0,148.0,148.0,-
20140728,148.0,148.0,148.0,148.0,-
20140729,148.0,148.0,148.0,148.0,-
20140730,148.0,148.0,148.0,148.0,-
20140731,148.0,148.0,148.0,148.0,2800
20140801,145.0,145.0,145.0,148.0,100
20140804,141.0,141.0,141.0,145.0,1800
20140805,141.0,141.0,141.0,141.0,-
20140806,141.0,141.0,141.0,141.0,-
20140807,140.0,141.0,140.0,141.0,2100
20140808,141.0,141.0,141.0,140.0,300
20140811,141.0,141.0,141.0,141.0,-
20140812,140.0,140.0,140.0,141.0,800
20140813,141.0,141.0,141.0,140.0,300
20140814,141.0,149.0,146.0,141.0,700
20140815,146.0,146.0,146.0,146.0,-
20140818,146.0,146.0,146.0,146.0,-
20140819,146.0,146.0,146.0,146.0,-
20140820,138.0,140.0,139.0,146.0,27100
20140821,140.0,140.0,140.0,139.0,100
20140822,140.0,140.0,140.0,140.0,1000
20140825,140.0,140.0,140.0,140.0,-
20140826,140.0,140.0,140.0,140.0,1000
20140827,135.0,140.0,135.0,140.0,22500
20140828,135.0,135.0,135.0,135.0,1200
20140829,135.0,135.0,135.0,135.0,200
20140901,135.0,135.0,135.0,135.0,-
20140902,130.0,140.0,133.0,135.0,2800
20140903,135.0,136.0,135.0,133.0,600
20140904,135.0,135.0,135.0,135.0,7500
20140905,140.0,140.0,140.0,135.0,500
20140908,140.0,140.0,140.0,140.0,-
20140909,140.0,140.0,140.0,140.0,1400
20140910,140.0,140.0,140.0,140.0,1100
20140911,140.0,140.0,140.0,140.0,4600
20140912,139.0,139.0,139.0,140.0,100
20140915,135.0,138.0,135.0,139.0,1500
20140916,135.0,135.0,135.0,135.0,-
20140917,135.0,135.0,135.0,135.0,-
20140918,126.0,126.0,126.0,135.0,1000
20140919,126.0,127.0,126.0,126.0,1900
20140922,126.0,127.0,126.0,126.0,154500
20140923,126.0,127.0,126.0,126.0,5300
20140924,138.0,138.0,138.0,126.0,500
20140925,138.0,138.0,138.0,138.0,-
20140926,140.0,140.0,140.0,138.0,60900
20140929,140.0,140.0,140.0,140.0,-
20140930,140.0,140.0,140.0,140.0,-
20141001,140.0,140.0,140.0,140.0,-
20141002,140.0,145.0,142.0,140.0,3400
20141003,150.0,150.0,150.0,142.0,9100
20141006,150.0,165.0,164.0,150.0,15200
20141007,158.0,163.0,162.0,164.0,5200
20141008,162.0,162.0,162.0,162.0,-
20141009,162.0,162.0,162.0,162.0,-
20141010,162.0,162.0,162.0,162.0,-
20141013,160.0,160.0,160.0,162.0,100
20141014,159.0,159.0,159.0,160.0,2600
20141015,159.0,159.0,159.0,159.0,200
20141016,155.0,158.0,157.0,159.0,7300
20141017,150.0,150.0,150.0,157.0,6000
20141021,150.0,150.0,150.0,150.0,-
20141022,150.0,150.0,150.0,150.0,-
20141023,150.0,150.0,150.0,150.0,-
20141024,150.0,150.0,150.0,150.0,-
20141027,150.0,150.0,150.0,150.0,-
20141028,146.0,146.0,146.0,150.0,1000
20141029,145.0,145.0,145.0,146.0,300
20141030,145.0,145.0,145.0,145.0,500
20141031,145.0,145.0,145.0,145.0,-
20141103,145.0,145.0,145.0,145.0,-
20141104,131.0,131.0,131.0,145.0,100
20141105,131.0,131.0,131.0,131.0,-
20141106,131.0,131.0,131.0,131.0,-
20141107,131.0,131.0,131.0,131.0,-
20141110,140.0,140.0,140.0,131.0,500
20141111,140.0,140.0,140.0,140.0,-
20141112,140.0,140.0,140.0,140.0,-
20141113,150.0,150.0,150.0,140.0,500
20141114,140.0,140.0,140.0,150.0,100
20141117,140.0,140.0,140.0,140.0,-
20141118,140.0,140.0,140.0,140.0,2000
20141119,139.0,139.0,139.0,140.0,100
20141120,140.0,140.0,140.0,139.0,200
20141121,139.0,139.0,139.0,140.0,100
20141124,136.0,138.0,137.0,139.0,15500
20141125,136.0,136.0,136.0,137.0,11300
20141126,136.0,140.0,138.0,136.0,1500
20141127,138.0,138.0,138.0,138.0,-
20141128,136.0,136.0,136.0,138.0,4400
20141201,136.0,136.0,136.0,136.0,1000
20141202,136.0,136.0,136.0,136.0,-
20141203,123.0,140.0,125.0,136.0,27500
20141204,135.0,137.0,135.0,125.0,2200
20141205,148.0,148.0,148.0,135.0,2200
20141208,149.0,149.0,149.0,148.0,1100
20141209,146.0,146.0,146.0,149.0,20000
20141210,136.0,140.0,137.0,146.0,1900
20141211,137.0,137.0,137.0,137.0,-
20141215,139.0,140.0,139.0,137.0,1700
20141216,139.0,139.0,139.0,139.0,-
20141217,139.0,139.0,139.0,139.0,100
20141218,139.0,139.0,139.0,139.0,-
20141219,139.0,139.0,139.0,139.0,200
20141222,139.0,139.0,139.0,139.0,2500
20141223,139.0,139.0,139.0,139.0,-
20141224,130.0,136.0,134.0,139.0,500
20141229,125.0,125.0,125.0,134.0,500
20141230,125.0,125.0,125.0,125.0,-
20141231,125.0,125.0,125.0,125.0,-
20150102,125.0,125.0,125.0,125.0,-
20150105,125.0,125.0,125.0,125.0,-
20150106,126.0,126.0,126.0,125.0,2000
20150107,126.0,126.0,126.0,126.0,2000
20150108,126.0,126.0,126.0,126.0,-
20150109,138.0,138.0,138.0,126.0,300
20150112,138.0,138.0,138.0,138.0,-
20150113,138.0,138.0,138.0,138.0,-
20150114,138.0,138.0,138.0,138.0,4000
20150115,138.0,138.0,138.0,138.0,-
20150116,138.0,138.0,138.0,138.0,-
20150119,141.0,150.0,146.0,138.0,500
20150120,140.0,140.0,140.0,146.0,12500
20150121,138.0,138.0,138.0,140.0,4500
20150122,138.0,138.0,138.0,138.0,1000
20150123,138.0,138.0,138.0,138.0,-
20150126,139.0,140.0,139.0,138.0,8100
20150127,139.0,140.0,139.0,139.0,600
20150128,140.0,140.0,140.0,139.0,100
20150129,139.0,139.0,139.0,140.0,300
20150130,138.0,138.0,138.0,139.0,300
20150202,145.0,145.0,145.0,138.0,2200
20150203,144.0,144.0,144.0,145.0,900
20150204,144.0,150.0,147.0,144.0,2500
20150205,154.0,154.0,154.0,147.0,600
20150206,154.0,154.0,154.0,154.0,-
20150209,145.0,160.0,152.0,154.0,1400
20150210,148.0,160.0,159.0,152.0,8300
20150211,159.0,159.0,159.0,159.0,-
20150212,152.0,152.0,152.0,159.0,200
20150213,148.0,153.0,149.0,152.0,15200
20150216,148.0,148.0,148.0,149.0,100
20150217,159.0,159.0,159.0,148.0,200
20150218,150.0,150.0,150.0,159.0,500
20150219,151.0,151.0,151.0,150.0,100
20150220,151.0,151.0,151.0,151.0,-
20150223,148.0,149.0,148.0,151.0,4700
20150224,150.0,150.0,150.0,148.0,100
20150225,150.0,150.0,150.0,150.0,200
20150226,150.0,150.0,150.0,150.0,-
20150227,150.0,150.0,150.0,150.0,-
20150302,136.0,136.0,136.0,150.0,5200
20150303,136.0,136.0,136.0,136.0,-
20150304,136.0,136.0,136.0,136.0,-
20150305,136.0,149.0,137.0,136.0,14100
20150306,136.0,137.0,136.0,137.0,13100
20150309,136.0,136.0,136.0,136.0,-
20150310,148.0,148.0,148.0,136.0,8800
20150311,148.0,148.0,148.0,148.0,-
20150312,148.0,148.0,148.0,148.0,-
20150313,148.0,148.0,148.0,148.0,-
20150316,136.0,136.0,136.0,148.0,100
20150317,136.0,136.0,136.0,136.0,-
20150318,136.0,147.0,140.0,136.0,500
20150319,140.0,140.0,140.0,140.0,-
20150320,136.0,136.0,136.0,140.0,500
20150323,135.0,136.0,135.0,136.0,1000
20150324,135.0,135.0,135.0,135.0,-
20150325,130.0,131.0,130.0,135.0,72000
20150326,135.0,135.0,135.0,130.0,900
20150327,135.0,135.0,135.0,135.0,100
20150330,135.0,135.0,135.0,135.0,134100
20150331,135.0,135.0,135.0,135.0,600
20150401,135.0,136.0,135.0,135.0,400
20150402,133.0,134.0,133.0,135.0,1000
20150407,133.0,133.0,133.0,133.0,-
20150408,133.0,133.0,133.0,133.0,13100
20150409,135.0,135.0,135.0,133.0,700
20150410,135.0,135.0,135.0,135.0,49000
20150413,133.0,139.0,136.0,135.0,1000
20150414,135.0,135.0,135.0,136.0,65000
20150415,135.0,135.0,135.0,135.0,-
20150416,134.0,134.0,134.0,135.0,100
20150417,134.0,134.0,134.0,134.0,-
20150420,134.0,134.0,134.0,134.0,-
20150421,134.0,134.0,134.0,134.0,-
20150422,132.0,134.0,132.0,134.0,237600
20150423,132.0,132.0,132.0,132.0,100
20150424,135.0,135.0,135.0,132.0,700
20150427,135.0,135.0,135.0,135.0,-
20150428,135.0,135.0,135.0,135.0,-
20150429,135.0,135.0,135.0,135.0,1000
20150430,135.0,135.0,135.0,135.0,-
20150504,135.0,135.0,135.0,135.0,-
20150505,130.0,135.0,131.0,135.0,1600
20150506,131.0,131.0,131.0,131.0,-
20150507,130.0,132.0,131.0,131.0,300
20150508,130.0,131.0,130.0,131.0,1800
20150511,131.0,131.0,131.0,130.0,200
20150512,130.0,131.0,130.0,131.0,300
20150513,130.0,130.0,130.0,130.0,300
20150514,130.0,130.0,130.0,130.0,100
20150515,120.0,123.0,120.0,130.0,5000
20150518,120.0,120.0,120.0,120.0,-
20150519,120.0,120.0,120.0,120.0,800
20150520,120.0,120.0,120.0,120.0,-
20150521,120.0,120.0,120.0,120.0,-
20150522,120.0,120.0,120.0,120.0,-
20150525,120.0,120.0,120.0,120.0,-
20150526,129.0,129.0,129.0,120.0,200
20150527,129.0,129.0,129.0,129.0,-
20150528,129.0,129.0,129.0,129.0,-
20150529,120.0,120.0,120.0,129.0,600
20150602,120.0,120.0,120.0,120.0,-
20150603,120.0,120.0,120.0,120.0,-
20150604,120.0,120.0,120.0,120.0,-
20150605,120.0,120.0,120.0,120.0,-
20150608,127.0,127.0,127.0,120.0,2000
20150609,127.0,127.0,127.0,127.0,-
20150610,127.0,127.0,127.0,127.0,100
20150611,127.0,127.0,127.0,127.0,-
20150612,120.0,120.0,120.0,127.0,100
20150615,125.0,127.0,125.0,120.0,3400
20150616,130.0,130.0,130.0,125.0,900
20150617,130.0,130.0,130.0,130.0,3100
20150618,135.0,138.0,137.0,130.0,7000
20150619,134.0,135.0,134.0,137.0,111600
20150622,134.0,134.0,134.0,134.0,-
20150623,134.0,134.0,134.0,134.0,-
20150624,134.0,134.0,134.0,134.0,-
20150625,139.0,139.0,139.0,134.0,100
20150626,131.0,131.0,131.0,139.0,100000
20150629,131.0,131.0,131.0,131.0,-
20150630,139.0,139.0,139.0,131.0,1600
20150701,140.0,140.0,140.0,139.0,2700
20150702,140.0,140.0,140.0,140.0,3800
20150703,140.0,140.0,140.0,140.0,1300
20150706,134.0,140.0,139.0,140.0,3600
20150707,130.0,130.0,130.0,139.0,600
20150708,131.0,140.0,138.0,130.0,5100
20150709,138.0,138.0,138.0,138.0,1000
20150710,138.0,138.0,138.0,138.0,1000
20150713,139.0,139.0,139.0,138.0,-
20150714,139.0,139.0,139.0,139.0,-
20150715,139.0,139.0,139.0,139.0,-
20150716,139.0,139.0,139.0,139.0,-
20150717,139.0,139.0,139.0,139.0,-
20150720,139.0,139.0,139.0,139.0,-
20150721,139.0,139.0,139.0,139.0,100
20150722,133.0,134.0,133.0,139.0,900
20150723,133.0,133.0,133.0,133.0,-
20150724,133.0,133.0,133.0,133.0,-
20150727,133.0,133.0,133.0,133.0,-
20150728,133.0,133.0,133.0,133.0,-
20150729,133.0,133.0,133.0,133.0,-
20150730,133.0,133.0,133.0,133.0,-
20150731,133.0,133.0,133.0,133.0,-
20150803,133.0,133.0,133.0,133.0,-
20150804,133.0,133.0,133.0,133.0,-
20150805,133.0,133.0,133.0,133.0,-
20150806,130.0,130.0,130.0,133.0,100
20150807,130.0,130.0,130.0,130.0,-
20150810,130.0,130.0,130.0,130.0,100
20150811,130.0,130.0,130.0,130.0,-
20150812,130.0,130.0,130.0,130.0,200
20150813,130.0,130.0,130.0,130.0,100
20150814,117.0,125.0,117.0,130.0,134100
20150817,117.0,117.0,117.0,117.0,-
20150818,128.0,128.0,128.0,117.0,100
20150819,130.0,130.0,130.0,128.0,100
20150820,126.0,129.0,126.0,130.0,40500
20150821,126.0,126.0,126.0,126.0,-
20150824,128.0,128.0,128.0,126.0,100
20150825,116.0,120.0,117.0,128.0,400
20150826,117.0,117.0,117.0,117.0,300
20150827,116.0,117.0,116.0,117.0,2200
20150828,117.0,117.0,117.0,116.0,100
20150831,117.0,117.0,117.0,117.0,-
20150901,117.0,117.0,117.0,117.0,100
20150902,117.0,117.0,117.0,117.0,-
20150903,125.0,125.0,125.0,117.0,100
20150904,125.0,125.0,125.0,125.0,-
20150907,125.0,125.0,125.0,125.0,-
20150908,125.0,125.0,125.0,125.0,-
20150909,125.0,125.0,125.0,125.0,-
20150910,124.0,125.0,124.0,125.0,300
20150911,124.0,124.0,124.0,124.0,-
20150914,120.0,120.0,120.0,124.0,100
20150915,120.0,120.0,120.0,120.0,-
20150916,120.0,120.0,120.0,120.0,-
20150917,120.0,120.0,120.0,120.0,600
20150918,124.0,124.0,124.0,120.0,300
20150921,124.0,124.0,124.0,124.0,-
20150922,123.0,123.0,123.0,124.0,300
20150923,123.0,123.0,123.0,123.0,-
20150924,123.0,123.0,123.0,123.0,-
20150925,115.0,115.0,115.0,123.0,1000
20150928,115.0,115.0,115.0,115.0,-
20150929,123.0,123.0,123.0,115.0,100
20150930,123.0,123.0,123.0,123.0,-
20151001,123.0,123.0,123.0,123.0,-
20151002,115.0,115.0,115.0,123.0,100
20151005,115.0,115.0,115.0,115.0,-
20151006,115.0,115.0,115.0,115.0,-
20151007,110.0,114.0,112.0,115.0,200
20151008,112.0,112.0,112.0,112.0,-
20151009,117.0,117.0,117.0,112.0,100
20151012,117.0,117.0,117.0,117.0,-
20151013,117.0,117.0,117.0,117.0,-
20151014,117.0,117.0,117.0,117.0,-
20151015,117.0,117.0,117.0,117.0,-
20151016,117.0,117.0,117.0,117.0,6500
20151019,117.0,117.0,117.0,117.0,-
20151021,115.0,115.0,115.0,117.0,100
20151022,115.0,115.0,115.0,115.0,-
20151023,115.0,115.0,115.0,115.0,-
20151026,115.0,115.0,115.0,115.0,300
20151027,115.0,115.0,115.0,115.0,-
20151028,115.0,115.0,115.0,115.0,-
20151029,110.0,110.0,110.0,115.0,100
20151030,110.0,110.0,110.0,110.0,-
20151102,100.0,100.0,100.0,110.0,100
20151103,100.0,100.0,100.0,100.0,310000
20151104,100.0,110.0,100.0,100.0,3300
20151105,100.0,100.0,100.0,100.0,-
20151106,100.0,100.0,100.0,100.0,-
20151109,100.0,100.0,100.0,100.0,2200
20151110,104.0,104.0,104.0,100.0,100
20151111,100.0,100.0,100.0,104.0,1900
20151112,100.0,100.0,100.0,100.0,-
20151113,100.0,100.0,100.0,100.0,-
20151116,100.0,100.0,100.0,100.0,-
20151117,102.0,105.0,103.0,100.0,200
20151118,100.0,103.0,101.0,103.0,600
20151119,101.0,101.0,101.0,101.0,-
20151120,101.0,101.0,101.0,101.0,-
20151123,101.0,101.0,101.0,101.0,-
20151124,101.0,101.0,101.0,101.0,-
20151125,101.0,101.0,101.0,101.0,-
20151126,101.0,101.0,101.0,101.0,-
20151127,105.0,105.0,105.0,101.0,500
20151130,105.0,105.0,105.0,105.0,-
20151201,95.0,95.0,95.0,105.0,1200
20151202,95.0,95.0,95.0,95.0,-
20151203,95.0,95.0,95.0,95.0,-
20151204,95.0,95.0,95.0,95.0,-
20151207,95.0,95.0,95.0,95.0,-
20151208,95.0,95.0,95.0,95.0,-
20151209,95.0,95.0,95.0,95.0,-
20151210,95.0,95.0,95.0,95.0,500
20151211,95.0,95.0,95.0,95.0,-
20151214,95.0,95.0,95.0,95.0,-
20151215,100.0,100.0,100.0,95.0,100
20151216,100.0,100.0,100.0,100.0,-
20151217,110.0,110.0,110.0,100.0,1100
20151218,110.0,110.0,110.0,110.0,-
20151221,109.0,109.0,109.0,110.0,100
20151222,109.0,109.0,109.0,109.0,-
20151223,99.0,105.0,100.0,109.0,600
20151224,99.0,99.0,99.0,100.0,200
20151228,99.0,99.0,99.0,99.0,-
20151229,99.0,99.0,99.0,99.0,-
20151230,102.0,102.0,102.0,99.0,4900
20151231,102.0,102.0,102.0,102.0,-
20160104,92.0,102.0,94.0,102.0,800
20160105,94.0,94.0,94.0,94.0,-
20160106,94.0,94.0,94.0,94.0,-
20160107,95.0,102.0,96.0,94.0,700
20160108,95.0,95.0,95.0,96.0,1000
20160111,95.0,95.0,95.0,95.0,-
20160112,101.0,101.0,101.0,95.0,100
20160113,101.0,101.0,101.0,101.0,-
20160114,98.0,98.0,98.0,101.0,400
20160115,91.0,91.0,91.0,98.0,200
20160118,91.0,91.0,91.0,91.0,-
20160119,91.0,91.0,91.0,91.0,-
20160120,91.0,91.0,91.0,91.0,-
20160121,91.0,91.0,91.0,91.0,-
20160122,91.0,91.0,91.0,91.0,-
20160125,91.0,91.0,91.0,91.0,-
20160126,91.0,92.0,91.5,91.0,1100
20160127,91.5,91.5,91.5,91.5,-
20160128,91.5,91.5,91.5,91.5,-
20160129,91.5,91.5,91.5,91.5,-
20160201,91.5,91.5,91.5,91.5,-
20160202,91.5,91.5,91.5,91.5,-
20160203,95.0,95.0,95.0,91.5,500
20160204,101.0,101.0,101.0,95.0,4200
20160205,101.0,101.0,101.0,101.0,-
20160208,98.0,98.0,98.0,101.0,700
20160209,98.0,98.0,98.0,98.0,-
20160210,98.0,98.0,98.0,98.0,-
20160211,100.0,100.0,100.0,98.0,500
20160212,100.0,100.0,100.0,100.0,-
20160215,100.0,100.0,100.0,100.0,-
20160216,100.0,100.0,100.0,100.0,-
20160217,100.0,100.0,100.0,100.0,-
20160218,100.0,100.0,100.0,100.0,14700
20160219,91.0,95.5,92.5,100.0,2000
20160222,92.5,92.5,92.5,92.5,-
20160223,91.0,92.5,91.5,92.5,400
20160224,90.0,90.0,90.0,91.5,1300
20160225,90.0,90.0,90.0,90.0,200
20160226,90.0,90.0,90.0,90.0,-
20160229,90.0,90.0,90.0,90.0,-
20160301,90.0,90.0,90.0,90.0,-
20160302,90.0,90.0,90.0,90.0,-
20160303,95.0,95.0,95.0,90.0,200
20160304,90.0,95.0,91.0,95.0,600
20160307,91.0,91.0,91.0,91.0,-
20160308,91.0,91.0,91.0,91.0,-
20160309,91.0,91.0,91.0,91.0,-
20160310,91.0,91.0,91.0,91.0,-
20160311,95.0,95.0,95.0,91.0,500
20160314,95.0,95.0,95.0,95.0,-
20160315,95.0,95.0,95.0,95.0,-
20160316,95.0,95.0,95.0,95.0,-
20160317,95.0,95.0,95.0,95.0,-
20160318,95.0,95.0,95.0,95.0,-
20160321,104.0,104.0,104.0,95.0,100
20160322,100.0,100.0,100.0,104.0,100
20160323,95.0,95.0,95.0,100.0,50000
20160324,95.0,95.0,95.0,95.0,-
20160329,95.0,95.0,95.0,95.0,-
20160330,95.0,95.0,95.0,95.0,-
20160331,95.0,95.0,95.0,95.0,200
20160401,95.0,95.0,95.0,95.0,-
20160404,95.0,95.0,95.0,95.0,-
20160405,95.0,95.0,95.0,95.0,300
20160406,100.0,100.0,100.0,95.0,1600
20160407,100.0,100.0,100.0,100.0,-
20160408,104.0,104.0,104.0,100.0,1000
20160411,104.0,104.0,104.0,104.0,100
20160412,104.0,104.0,104.0,104.0,-
20160413,104.0,110.0,105.0,104.0,400
20160414,104.0,104.0,104.0,105.0,100
20160415,104.0,104.0,104.0,104.0,-
20160418,104.0,104.0,104.0,104.0,-
20160419,104.0,104.0,104.0,104.0,-
20160420,104.0,104.0,104.0,104.0,-
20160421,95.5,95.5,95.5,104.0,2500
20160422,98.0,100.0,98.0,95.5,104800
20160425,98.0,98.0,98.0,98.0,-
20160426,98.0,98.0,98.0,98.0,100000
20160427,98.0,98.0,98.0,98.0,-
20160428,93.0,93.0,93.0,98.0,100
20160429,93.0,93.0,93.0,93.0,-
20160503,93.0,93.0,93.0,93.0,2200
20160504,94.0,94.0,94.0,93.0,1000
20160505,98.0,98.0,98.0,94.0,5100
20160506,98.0,98.0,98.0,98.0,-
20160509,95.0,100.0,95.0,98.0,4100
20160510,95.0,95.0,95.0,95.0,-
20160511,95.0,95.0,95.0,95.0,2200
20160512,95.0,95.0,95.0,95.0,-
20160513,95.0,95.0,95.0,95.0,2000
20160516,90.0,95.0,90.0,95.0,100000
20160517,82.0,82.0,82.0,90.0,100
20160518,82.0,82.0,82.0,82.0,-
20160519,75.0,90.0,89.5,82.0,469500
20160520,90.0,90.0,90.0,89.5,100
20160523,90.0,90.0,90.0,90.0,700
20160524,89.0,90.0,89.5,90.0,79000
20160525,89.5,89.5,89.5,89.5,-
20160526,89.5,89.5,89.5,89.5,100
20160527,89.5,89.5,89.5,89.5,-
20160530,89.5,89.5,89.5,89.5,-
20160531,89.5,89.5,89.5,89.5,-
20160602,89.5,89.5,89.5,89.5,-
20160603,89.0,89.0,89.0,89.5,100
20160606,89.0,89.0,89.0,89.0,-
20160607,89.0,89.0,89.0,89.0,-
20160608,89.0,89.0,89.0,89.0,100
20160609,89.0,89.0,89.0,89.0,-
20160610,89.0,89.0,89.0,89.0,-
20160613,89.0,89.0,89.0,89.0,-
20160614,89.0,89.0,89.0,89.0,-
20160615,89.0,89.0,89.0,89.0,-
20160616,89.0,89.0,89.0,89.0,-
20160617,82.0,89.0,85.5,89.0,200
20160620,85.5,85.5,85.5,85.5,-
20160621,85.5,85.5,85.5,85.5,-
20160622,85.5,85.5,85.5,85.5,200
20160623,85.0,85.0,85.0,85.5,1200
20160624,85.0,85.0,85.0,85.0,-
20160627,85.0,85.0,85.0,85.0,-
20160628,85.0,85.0,85.0,85.0,-
20160629,85.5,85.5,85.5,85.0,200
20160630,85.5,85.5,85.5,85.5,-
20160701,85.5,85.5,85.5,85.5,-
20160704,85.5,85.5,85.5,85.5,-
20160705,85.5,85.5,85.5,85.5,-
20160706,90.0,90.0,90.0,85.5,100
20160707,90.0,90.0,90.0,85.5,100
20160708,90.0,90.0,90.0,90.0,-
20160711,90.0,90.0,90.0,90.0,-
20160712,90.0,90.0,90.0,90.0,-
20160713,82.0,82.0,82.0,90.0,200
20160714,82.0,82.0,82.0,82.0,-
20160715,82.0,82.0,82.0,82.0,-
20160718,82.0,82.0,82.0,82.0,-
20160719,82.0,82.0,82.0,82.0,-
20160720,82.0,82.0,82.0,82.0,-
20160721,82.0,82.0,82.0,82.0,-
20160722,82.0,82.0,82.0,82.0,-
20160725,82.0,82.0,82.0,82.0,-
20160726,80.0,89.0,83.0,82.0,300
20160727,80.0,80.0,80.0,83.0,100
20160728,82.0,85.0,84.5,80.0,600
20160729,80.0,82.0,80.5,84.5,7200
20160801,80.5,80.5,80.5,80.5,-
20160802,80.0,80.0,80.0,80.5,4000
20160803,82.0,82.0,82.0,80.0,17100
20160804,82.0,82.0,82.0,82.0,-
20160805,82.0,82.0,82.0,82.0,-
20160808,82.0,82.0,82.0,82.0,100
20160809,88.0,88.0,88.0,82.0,2900
20160810,88.0,88.0,88.0,88.0,-
20160811,88.0,88.0,88.0,88.0,-
20160812,88.0,88.0,88.0,88.0,-
20160815,88.0,88.0,88.0,88.0,-
20160816,81.0,81.0,81.0,88.0,100
20160817,81.0,81.0,81.0,81.0,-
20160818,85.0,85.0,85.0,81.0,200
20160819,85.0,85.0,85.0,85.0,-
20160822,84.0,84.0,84.0,85.0,1000
20160823,83.0,85.0,84.0,84.0,200
20160824,84.0,84.0,84.0,84.0,-
20160825,84.0,85.0,84.0,84.0,104000
20160826,84.0,84.0,84.0,84.0,100
20160829,84.0,84.0,84.0,84.0,-
20160830,84.0,84.0,84.0,84.0,-
20160831,84.0,84.0,84.0,84.0,-
20160901,84.0,84.0,84.0,84.0,-
20160902,84.0,84.0,84.0,84.0,-
20160905,84.0,84.0,84.0,84.0,400
20160906,84.0,84.0,84.0,84.0,200
20160907,84.5,84.5,84.5,84.0,3300
20160908,90.0,92.0,90.0,84.5,700
20160909,83.5,83.5,83.5,90.0,18000
20160912,83.5,83.5,83.5,90.0,18000
20160913,83.5,83.5,83.5,83.5,-
20160914,83.5,83.5,83.5,83.5,-
20160915,83.5,83.5,83.5,83.5,-
20160916,83.5,83.5,83.5,83.5,-
20160919,83.5,83.5,83.5,83.5,-
20160920,90.0,90.0,90.0,83.5,100
20160921,99.0,99.0,99.0,90.0,900
20160922,99.0,99.0,99.0,99.0,-
20160923,99.0,99.0,99.0,99.0,-
20160926,99.0,99.0,99.0,99.0,-
20160927,96.0,96.0,96.0,99.0,200
20160928,92.0,92.0,92.0,96.0,1500
20160929,92.0,92.0,92.0,92.0,-
20160930,92.0,92.0,92.0,92.0,-
20161003,92.0,92.0,92.0,92.0,-
20161004,92.0,92.0,92.0,92.0,-
20161005,92.0,92.0,92.0,92.0,-
20161006,92.0,92.0,92.0,92.0,2000
20161007,92.0,92.0,92.0,92.0,-
20161010,92.0,92.0,92.0,92.0,-
20161011,95.0,95.0,95.0,92.0,100
20161012,95.0,95.0,95.0,95.0,-
20161013,90.0,90.0,90.0,95.0,6200
20161014,90.0,90.0,90.0,90.0,10800
20161017,90.0,90.0,90.0,90.0,-
20161018,88.0,90.0,89.5,90.0,98400
20161019,89.5,89.5,89.5,89.5,-
20161021,85.0,90.0,86.5,89.5,300
20161024,85.0,85.0,85.0,86.5,100
20161025,85.0,85.0,85.0,85.0,800
20161026,85.0,85.0,85.0,85.0,-
20161027,85.0,85.0,85.0,85.0,-
20161028,90.0,90.0,90.0,85.0,5500
20161031,90.0,90.0,90.0,90.0,-
20161101,90.0,90.0,90.0,90.0,-
20161102,84.0,84.0,84.0,90.0,100
20161103,84.0,84.0,84.0,90.0,100
20161104,84.0,84.0,84.0,84.0,-
20161107,84.0,84.0,84.0,84.0,-
20161108,84.0,84.0,84.0,84.0,-
20161109,84.0,84.0,84.0,84.0,-
20161110,84.0,84.0,84.0,84.0,-
20161111,84.0,84.0,84.0,84.0,-
20161114,84.0,84.0,84.0,84.0,-
20161115,85.0,85.0,85.0,84.0,2000
20161116,85.0,85.0,85.0,85.0,-
20161117,85.0,85.0,85.0,85.0,-
20161118,85.5,85.5,85.5,85.0,100
20161121,85.0,85.0,85.0,85.5,700
20161122,85.0,85.0,85.0,85.0,300
20161123,85.0,85.0,85.0,85.0,-
20161124,90.0,90.0,90.0,85.0,500
20161125,85.0,85.0,85.0,90.0,500
20161128,85.0,85.0,85.0,85.0,-
20161129,90.0,90.0,90.0,85.0,7000
20161130,90.0,90.0,90.0,90.0,600
20161201,90.0,90.0,90.0,90.0,-
20161202,90.0,90.0,90.0,90.0,-
20161205,90.0,90.0,90.0,90.0,-
20161206,90.0,90.0,90.0,90.0,-
20161207,90.0,90.0,90.0,90.0,5000
20161208,90.0,90.0,90.0,90.0,4200
20161209,90.0,90.0,90.0,90.0,-
20161213,90.0,90.0,90.0,90.0,100
20161214,82.0,82.0,82.0,90.0,100
20161215,82.0,82.0,82.0,82.0,-
20161216,82.0,82.0,82.0,82.0,-
20161219,82.0,82.0,82.0,82.0,500
20161220,82.0,82.0,82.0,82.0,-
20161221,82.0,82.0,82.0,82.0,-
20161222,82.0,82.0,82.0,82.0,-
20161223,82.0,82.0,82.0,82.0,-
20161227,82.0,82.0,82.0,82.0,-
20161228,82.0,82.0,82.0,82.0,-
20161229,82.0,82.0,82.0,82.0,-
20161230,82.0,82.0,82.0,82.0,-
20170103,83.0,83.0,83.0,82.0,500
20170104,83.0,83.0,83.0,83.0,-
20170105,83.0,83.0,83.0,83.0,-
20170106,83.0,83.0,83.0,83.0,-
20170109,83.0,83.0,83.0,83.0,-
20170110,85.5,85.5,85.5,83.0,100
20170111,85.5,85.5,85.5,85.5,-
20170112,85.5,85.5,85.5,85.5,-
20170113,88.0,88.0,88.0,85.5,200
20170116,86.0,86.0,86.0,88.0,200
20170117,86.0,86.0,86.0,86.0,-
20170118,86.0,86.0,86.0,86.0,-
20170119,86.0,86.0,86.0,86.0,-
20170120,86.0,88.0,87.0,86.0,600
20170123,87.0,87.0,87.0,87.0,-
20170124,87.0,87.0,87.0,87.0,-
20170125,85.0,85.0,85.0,87.0,1000
20170126,88.0,88.0,88.0,85.0,6600
20170127,88.0,88.0,88.0,88.0,-
20170130,88.0,90.0,88.5,88.0,9600
20170131,88.5,88.5,88.5,88.5,-
20170201,88.5,88.5,88.5,88.5,-
20170202,87.5,90.0,89.0,88.5,15200
20170203,89.0,89.0,89.0,89.0,-
20170206,83.0,86.0,83.0,89.0,67500
20170207,84.0,84.0,84.0,83.0,100
20170208,84.0,84.0,84.0,84.0,-
20170209,84.0,84.0,84.0,84.0,-
20170210,90.0,90.0,90.0,84.0,100
20170213,90.0,90.0,90.0,90.0,5000
20170214,90.0,90.0,90.0,90.0,4100
20170215,90.0,90.0,90.0,90.0,-
20170216,90.0,90.0,90.0,90.0,-
20170217,90.0,90.0,90.0,90.0,100
20170220,90.0,90.0,90.0,90.0,-
20170221,89.0,89.0,89.0,90.0,400
20170222,88.0,90.0,89.5,89.0,56500
20170223,89.5,89.5,89.5,89.5,-
20170224,89.5,89.5,89.5,89.5,-
20170227,87.0,87.0,87.0,89.5,1000
20170228,87.0,87.0,87.0,87.0,900
20170301,87.0,87.0,87.0,87.0,-
20170302,87.0,87.0,87.0,87.0,-
20170303,87.0,87.0,87.0,87.0,-
20170306,87.0,87.0,87.0,87.0,800
20170307,85.0,85.0,85.0,87.0,1500
20170308,87.0,87.0,87.0,85.0,3000
20170309,87.0,87.0,87.0,87.0,-
20170310,87.0,87.0,87.0,87.0,-
20170313,87.0,87.0,87.0,87.0,400
20170314,81.0,81.0,81.0,87.0,200
20170315,81.0,81.0,81.0,81.0,-
20170316,81.0,81.0,81.0,81.0,-
20170317,81.0,81.0,81.0,81.0,-
20170320,81.0,81.0,81.0,81.0,-
20170321,87.0,87.0,87.0,81.0,100
20170322,87.0,87.0,87.0,87.0,-
20170323,87.0,87.0,87.0,87.0,-
20170324,87.0,90.0,89.5,87.0,15500
20170327,89.5,89.5,89.5,89.5,-
20170328,89.5,89.5,89.5,89.5,-
20170329,89.5,89.5,89.5,89.5,-
20170330,89.5,89.5,89.5,89.5,-
20170331,89.5,89.5,89.5,89.5,-
20170403,89.5,89.5,89.5,89.5,-
20170404,89.5,89.5,89.5,89.5,-
20170405,89.5,89.5,89.5,89.5,-
20170406,89.5,89.5,89.5,89.5,-
20170407,89.5,89.5,89.5,89.5,-
20170410,90.0,90.0,90.0,89.5,5000
20170411,90.0,90.0,90.0,90.0,5000
20170412,90.0,90.0,90.0,90.0,100
20170413,89.5,89.5,89.5,90.0,17000
20170418,89.5,89.5,89.5,89.5,-
20170419,92.0,92.0,92.0,89.5,100
20170420,92.0,92.0,92.0,92.0,-
20170421,92.0,92.0,92.0,92.0,-
20170424,92.0,92.0,92.0,92.0,-
20170425,92.0,92.0,92.0,92.0,-
20170426,92.0,92.0,92.0,92.0,-
20170427,92.0,92.0,92.0,92.0,-
20170428,92.0,92.0,92.0,92.0,-
20170502,92.0,92.0,92.0,92.0,-
20170503,92.0,92.0,92.0,92.0,-
20170504,92.0,92.0,92.0,92.0,-
20170505,90.0,90.0,90.0,92.0,-
20170508,90.0,90.0,90.0,90.0,-
20170509,90.0,90.0,90.0,90.0,-
20170510,81.0,90.0,83.0,90.0,400
20170511,83.0,83.0,83.0,83.0,-
20170512,85.0,85.0,85.0,83.0,100
20170515,85.0,85.0,85.0,85.0,-
20170516,84.0,84.0,84.0,85.0,200
20170517,84.0,84.0,84.0,84.0,100
20170518,84.0,84.0,84.0,84.0,-
20170519,84.0,84.0,84.0,84.0,-
20170522,84.0,84.0,84.0,84.0,200
20170523,84.0,84.0,84.0,84.0,-
20170524,84.0,84.0,84.0,84.0,8500
20170525,84.0,84.0,84.0,84.0,-
20170526,90.0,90.0,90.0,84.0,100
20170529,90.0,90.0,90.0,90.0,-
20170530,85.0,88.0,85.0,90.0,36300
20170531,85.0,85.0,85.0,85.0,-
20170602,85.0,85.0,85.0,85.0,-
20170605,85.0,85.0,85.0,85.0,-
20170606,85.0,85.0,85.0,85.0,-
20170607,90.0,90.0,90.0,85.0,100
20170608,90.0,90.0,90.0,90.0,-
20170609,90.0,90.0,90.0,90.0,-
20170612,90.0,90.0,90.0,90.0,-
20170613,90.0,90.0,90.0,90.0,-
20170614,90.0,90.0,90.0,90.0,100
20170615,90.0,90.0,90.0,90.0,15900
20170616,90.0,90.0,90.0,90.0,1500
20170619,90.0,90.0,90.0,90.0,-
20170620,85.0,85.0,85.0,90.0,100
20170621,85.0,85.0,85.0,85.0,200
20170622,93.0,93.0,93.0,85.0,2500
20170623,102.0,102.0,102.0,93.0,200
20170626,102.0,102.0,102.0,93.0,200
20170627,102.0,102.0,102.0,93.0,200
20170628,102.0,102.0,102.0,102.0,-
20170629,93.0,93.0,93.0,102.0,800
20170630,93.0,93.0,93.0,93.0,600
20170703,93.0,93.0,93.0,93.0,-
20170704,100.0,100.0,100.0,93.0,500
20170705,100.0,100.0,100.0,93.0,500
20170706,93.0,93.0,93.0,100.0,9400
20170707,93.0,93.0,93.0,93.0,-
20170710,95.0,95.0,95.0,93.0,400
20170711,95.5,95.5,95.5,95.0,100
20170712,95.5,95.5,95.5,95.5,-
20170713,95.5,95.5,95.5,95.5,-
20170714,95.5,95.5,95.5,95.5,-
20170717,95.0,95.0,95.0,95.5,100
20170718,95.0,96.5,96.0,95.0,16600
20170719,97.0,97.0,97.0,96.0,1400
20170720,97.0,97.0,97.0,97.0,-
20170721,97.0,97.0,97.0,97.0,-
20170724,97.0,97.0,97.0,97.0,-
20170725,99.0,99.0,99.0,97.0,5400
20170726,99.0,99.0,99.0,97.0,5400
20170727,99.0,99.0,99.0,99.0,-
20170728,99.0,99.0,99.0,99.0,-
20170731,99.0,99.0,99.0,99.0,-
20170801,99.0,99.0,99.0,99.0,-
20170802,95.0,95.0,95.0,99.0,400
20170803,99.0,99.0,99.0,95.0,100
20170804,99.0,99.0,99.0,99.0,100
20170807,99.0,99.0,99.0,99.0,-
20170808,99.0,99.0,99.0,99.0,-
20170809,99.0,99.0,99.0,99.0,-
20170810,99.0,99.0,99.0,99.0,-
20170811,100.0,100.0,100.0,99.0,1000
20170814,109.0,109.0,109.0,100.0,5000
20170815,108.0,108.0,108.0,109.0,1000
20170816,108.0,108.0,108.0,108.0,-
20170817,108.0,108.0,108.0,108.0,-
20170818,108.0,108.0,108.0,108.0,-
20170821,108.0,108.0,108.0,108.0,-
20170822,99.0,100.0,99.5,108.0,500
20170823,108.0,108.0,108.0,99.5,12800
20170824,106.0,107.0,106.0,108.0,9000
20170825,106.0,106.0,106.0,106.0,-
20170828,110.0,110.0,110.0,106.0,400
20170829,106.0,106.0,106.0,110.0,7000
20170830,106.0,106.0,106.0,106.0,-
20170831,106.0,106.0,106.0,106.0,-
20170901,100.0,105.0,103.0,106.0,1400
20170904,103.0,103.0,103.0,103.0,-
20170905,105.0,105.0,105.0,103.0,200
20170906,105.0,105.0,105.0,105.0,-
20170907,105.0,105.0,105.0,105.0,-
20170908,105.0,105.0,105.0,105.0,-
20170911,103.0,105.0,103.0,105.0,800
20170912,105.0,110.0,109.0,103.0,500
20170913,109.0,109.0,109.0,109.0,-
20170914,103.0,103.0,103.0,109.0,2900
20170915,103.0,103.0,103.0,103.0,-
20170918,105.0,105.0,105.0,103.0,19200
20170919,101.0,101.0,101.0,105.0,100
20170920,101.0,101.0,101.0,101.0,500
20170921,100.0,104.0,101.0,101.0,700
20170922,101.0,101.0,101.0,101.0,-
20170925,101.0,101.0,101.0,101.0,-
20170926,101.0,101.0,101.0,101.0,400
20170927,101.0,101.0,101.0,101.0,-
20170928,101.0,101.0,101.0,101.0,400
20170929,101.0,101.0,101.0,101.0,-
20171002,101.0,101.0,101.0,101.0,-
20171003,101.0,101.0,101.0,101.0,-
20171004,101.0,101.0,101.0,101.0,-
20171005,101.0,101.0,101.0,101.0,-
20171006,95.0,95.0,95.0,101.0,1500
20171009,95.0,95.0,95.0,95.0,-
20171010,100.0,101.0,100.0,95.0,500
20171011,100.0,100.0,100.0,100.0,-
20171012,100.0,100.0,100.0,100.0,1000
20171013,100.0,100.0,100.0,100.0,-
20171016,100.0,100.0,100.0,100.0,-
20171017,103.0,103.0,103.0,100.0,900
20171018,101.0,101.0,101.0,103.0,100
20171019,101.0,101.0,101.0,101.0,300
20171023,101.0,101.0,101.0,101.0,-
20171024,101.0,101.0,101.0,101.0,-
20171025,101.0,101.0,101.0,101.0,-
20171026,101.0,101.0,101.0,101.0,-
20171027,101.0,101.0,101.0,101.0,-
20171030,102.0,103.0,102.0,101.0,16600
20171031,102.0,102.0,102.0,102.0,-
20171101,102.0,102.0,102.0,102.0,-
20171102,102.0,102.0,102.0,102.0,5000
20171103,100.0,101.0,100.0,102.0,14100
20171106,100.0,100.0,100.0,100.0,-
20171107,100.0,100.0,100.0,100.0,-
20171108,110.0,110.0,110.0,100.0,100
20171109,100.0,110.0,103.0,110.0,14700
20171110,103.0,103.0,103.0,103.0,10000
20171113,103.0,103.0,103.0,103.0,2000
20171114,103.0,103.0,103.0,103.0,-
20171115,107.0,110.0,108.0,103.0,6200
20171116,108.0,108.0,108.0,108.0,114000
20171117,108.0,108.0,108.0,108.0,-
20171120,107.0,107.0,107.0,108.0,100
20171121,107.0,107.0,107.0,107.0,600
20171122,107.0,107.0,107.0,107.0,100
20171123,107.0,107.0,107.0,107.0,-
20171124,107.0,107.0,107.0,107.0,6000
20171127,108.0,108.0,108.0,107.0,8000
20171128,108.0,108.0,108.0,107.0,8000
20171129,108.0,108.0,108.0,108.0,-
20171130,108.0,108.0,108.0,108.0,-
20171201,108.0,108.0,108.0,108.0,-
20171204,108.0,108.0,108.0,108.0,-
20171205,108.0,108.0,108.0,108.0,-
20171206,108.0,108.0,108.0,108.0,-
20171207,108.0,108.0,108.0,108.0,-
20171208,108.0,108.0,108.0,108.0,-
20171211,108.0,108.0,108.0,108.0,-
20171213,107.0,108.0,107.0,108.0,18800
20171214,107.0,107.0,107.0,107.0,-
20171215,107.0,108.0,107.0,107.0,300
20171218,107.0,107.0,107.0,107.0,-
20171219,107.0,107.0,107.0,107.0,-
20171220,107.0,107.0,107.0,107.0,-
20171221,107.0,107.0,107.0,107.0,-
20171222,107.0,107.0,107.0,107.0,-
20171227,107.0,107.0,107.0,107.0,-
20171228,107.0,107.0,107.0,107.0,-
20171229,107.0,107.0,107.0,107.0,100
20180102,107.0,107.0,107.0,107.0,-
20180103,107.0,107.0,107.0,107.0,-
20180104,107.0,107.0,107.0,107.0,-
20180105,107.0,107.0,107.0,107.0,-
20180108,80.0,80.0,80.0,107.0,100
20180109,107.0,107.0,107.0,80.0,-
20180110,107.0,107.0,107.0,107.0,300
20180111,107.0,107.0,107.0,107.0,5600
20180112,107.0,107.0,107.0,107.0,-
20180115,107.0,107.0,107.0,107.0,5400
20180116,104.0,104.0,104.0,107.0,100
20180117,107.0,108.0,107.0,104.0,6000
20180118,108.0,108.0,108.0,107.0,4000
20180119,108.0,108.0,108.0,108.0,800
20180122,100.0,100.0,100.0,108.0,100
20180123,105.0,110.0,109.0,100.0,12600
20180124,100.0,100.0,100.0,109.0,1000
20180125,100.0,100.0,100.0,100.0,-
20180126,100.0,100.0,100.0,100.0,1000
20180129,100.0,100.0,100.0,100.0,-
20180130,100.0,100.0,100.0,100.0,-
20180131,100.0,100.0,100.0,100.0,-
20180201,100.0,100.0,100.0,100.0,-
20180202,100.0,100.0,100.0,100.0,-
20180205,104.0,104.0,104.0,100.0,900
20180206,105.0,105.0,105.0,104.0,200
20180207,105.0,105.0,105.0,105.0,100
20180208,100.0,100.0,100.0,105.0,100
20180209,105.0,105.0,105.0,100.0,100
20180212,105.0,105.0,105.0,105.0,-
20180213,105.0,105.0,105.0,105.0,-
20180214,105.0,105.0,105.0,105.0,-
20180215,105.0,105.0,105.0,105.0,1000
20180216,105.0,105.0,105.0,105.0,-
20180219,105.0,105.0,105.0,105.0,-
20180220,105.0,105.0,105.0,105.0,-
20180221,105.0,105.0,105.0,105.0,-
20180222,105.0,105.0,105.0,105.0,-
20180223,105.0,105.0,105.0,105.0,-
20180226,105.0,105.0,105.0,105.0,-
20180227,105.0,105.0,105.0,105.0,-
20180228,105.0,105.0,105.0,105.0,-
20180301,105.0,105.0,105.0,105.0,-
20180302,105.0,105.0,105.0,105.0,-
20180305,102.0,102.0,102.0,105.0,800
20180306,102.0,102.0,102.0,102.0,100
20180307,102.0,102.0,102.0,102.0,500
20180308,102.0,102.0,102.0,102.0,-
20180309,92.0,92.5,92.0,102.0,1300
20180312,92.0,92.0,92.0,92.0,-
20180313,92.0,92.0,92.0,92.0,2200
20180314,93.0,93.0,93.0,92.0,100
20180315,93.0,93.0,93.0,93.0,-
20180316,93.0,93.0,93.0,93.0,100
20180319,93.0,93.0,93.0,93.0,-
20180320,93.0,93.0,93.0,93.0,-
20180321,95.0,95.0,95.0,93.0,100
20180322,95.0,95.0,95.0,95.0,-
20180323,95.0,95.0,95.0,95.0,-
20180326,95.0,95.0,95.0,95.0,-
20180327,93.0,93.0,93.0,95.0,800
20180328,93.0,93.0,93.0,93.0,-
20180329,94.0,94.0,94.0,93.0,100
20180403,94.0,94.0,94.0,94.0,-
20180404,94.0,94.0,94.0,94.0,-
20180405,94.0,94.0,94.0,94.0,-
20180406,95.5,95.5,95.5,94.0,1200
20180409,95.0,95.0,95.0,95.5,21000
20180410,95.0,95.0,95.0,95.0,-
20180411,95.0,95.0,95.0,95.0,-
20180412,95.0,95.0,95.0,95.0,-
20180413,90.0,90.0,90.0,95.0,800
20180416,90.0,90.0,90.0,90.0,200
20180417,97.0,97.0,97.0,90.0,100
20180418,96.0,97.0,96.5,97.0,800
20180419,90.0,96.0,90.0,96.5,1400
20180420,90.0,90.0,90.0,90.0,400
20180423,90.0,90.0,90.0,90.0,-
20180424,90.0,90.0,90.0,90.0,1100
20180425,90.0,90.0,90.0,90.0,1500
20180426,85.0,85.0,85.0,90.0,100
20180427,85.0,85.0,85.0,85.0,-
20180430,90.0,90.0,90.0,85.0,100
20180502,90.0,90.0,90.0,90.0,100
20180503,90.0,90.0,90.0,90.0,-
20180504,90.0,90.0,90.0,90.0,300
20180507,90.0,90.0,90.0,90.0,200
20180508,90.0,90.0,90.0,90.0,-
20180509,90.0,90.0,90.0,90.0,-
20180510,90.0,90.0,90.0,90.0,50100
20180511,90.0,90.0,90.0,90.0,-
20180514,90.0,90.0,90.0,90.0,200
20180515,90.0,90.0,90.0,90.0,-
20180516,90.0,90.0,90.0,90.0,-
20180517,90.0,90.0,90.0,90.0,-
20180518,90.0,90.0,90.0,90.0,-
20180521,90.0,90.0,90.0,90.0,-
20180522,90.0,90.0,90.0,90.0,-
20180523,90.0,90.0,90.0,90.0,-
20180524,90.0,90.0,90.0,90.0,-
20180525,90.0,90.0,90.0,90.0,-
20180528,90.0,90.0,90.0,90.0,-
20180529,90.0,90.0,90.0,90.0,-
20180530,90.0,90.0,90.0,90.0,400
20180531,90.0,90.0,90.0,90.0,-
20180604,90.0,90.0,90.0,90.0,-
20180605,90.0,90.0,90.0,90.0,-
20180606,85.0,85.0,85.0,90.0,8600
20180607,85.0,85.0,85.0,85.0,-
20180608,85.0,85.0,85.0,85.0,-
20180611,85.0,85.0,85.0,85.0,-
20180612,86.0,86.0,86.0,85.0,50300
20180613,85.0,89.5,87.0,86.0,2000
20180614,87.0,87.0,87.0,87.0,-
20180615,87.0,87.0,87.0,87.0,-
20180618,89.5,89.5,89.5,87.0,1000
20180619,89.5,89.5,89.5,89.5,-
20180620,86.0,89.5,87.5,89.5,200
20180621,90.0,90.0,90.0,87.5,1000
20180622,90.0,90.0,90.0,90.0,-
20180625,90.0,90.0,90.0,90.0,-
20180626,90.0,90.0,90.0,90.0,200
20180627,85.0,90.0,86.0,90.0,2800
20180628,86.0,86.0,86.0,86.0,-
20180629,90.0,90.0,90.0,86.0,1000
20180702,85.0,85.0,85.0,90.0,300
20180703,90.0,90.0,90.0,85.0,600
20180704,90.0,90.0,90.0,90.0,-
20180705,90.0,90.0,90.0,90.0,-
20180706,90.0,90.0,90.0,90.0,100
20180709,87.0,90.0,87.0,90.0,52000
20180710,87.0,87.0,87.0,87.0,-
20180711,87.0,87.0,87.0,87.0,-
20180712,79.0,79.0,79.0,87.0,400
20180713,79.0,79.0,79.0,79.0,-
20180716,79.0,79.0,79.0,79.0,-
20180717,79.0,79.0,79.0,79.0,100
20180718,79.0,79.0,79.0,79.0,200
20180719,79.0,79.0,79.0,79.0,-
20180720,79.0,79.0,79.0,79.0,-
20180723,79.0,79.0,79.0,79.0,-
20180724,79.0,79.0,79.0,79.0,-
20180725,79.0,79.0,79.0,79.0,1800
20180726,79.0,79.0,79.0,79.0,-
20180727,72.0,72.0,72.0,79.0,19300
20180730,72.0,72.0,72.0,72.0,-
20180731,72.0,72.0,72.0,72.0,-
20180801,72.0,72.0,72.0,72.0,-
20180802,72.0,72.0,72.0,72.0,-
20180803,72.0,72.0,72.0,72.0,-
20180806,74.0,74.0,74.0,72.0,100
20180807,74.0,74.0,74.0,74.0,-
20180808,74.5,80.0,76.0,74.0,1800
20180809,76.0,76.0,76.0,76.0,-
20180810,76.0,76.0,76.0,76.0,-
20180813,76.0,76.0,76.0,76.0,-
20180814,83.0,83.0,83.0,76.0,1000
20180815,91.0,91.0,91.0,83.0,300
20180816,91.0,91.0,91.0,91.0,200
20180817,91.0,100.0,94.0,91.0,300
20180820,94.0,94.0,94.0,94.0,-
20180821,94.0,94.0,94.0,94.0,-
20180822,94.0,94.0,94.0,94.0,-
20180823,94.0,94.0,94.0,94.0,-
20180824,94.0,94.0,94.0,94.0,-
20180827,94.0,94.0,94.0,94.0,1200
20180828,94.0,94.0,94.0,94.0,200
20180829,94.0,94.0,94.0,94.0,-
20180830,94.0,94.0,94.0,94.0,-
20180831,94.0,94.0,94.0,94.0,1400
20180903,92.0,92.0,92.0,94.0,69600
20180904,92.0,93.0,92.5,92.0,1500
20180905,92.5,92.5,92.5,92.5,-
20180906,92.5,92.5,92.5,92.5,-
20180907,92.5,92.5,92.5,92.5,-
20180910,93.0,93.0,93.0,92.5,100
20180911,93.0,93.0,93.0,93.0,-
20180912,87.0,90.0,88.5,93.0,200
20180913,87.0,87.0,87.0,88.5,400
20180914,87.0,87.0,87.0,87.0,-
20180917,87.0,87.0,87.0,87.0,-
20180918,87.0,87.0,87.0,87.0,-
20180919,80.0,85.0,80.0,87.0,10400
20180920,80.0,80.0,80.0,80.0,200
20180921,72.0,80.0,75.5,80.0,300
20180924,75.5,75.5,75.5,75.5,-
20180925,75.5,75.5,75.5,75.5,-
20180926,80.0,80.0,80.0,75.5,200
20180927,80.0,80.0,80.0,80.0,100
20180928,80.0,80.0,80.0,80.0,-
20181001,80.0,80.0,80.0,80.0,100
20181002,81.0,81.0,81.0,80.0,100
20181003,81.5,81.5,81.5,81.0,100
20181004,81.5,81.5,81.5,81.5,-
20181005,81.5,81.5,81.5,81.5,-
20181008,81.5,81.5,81.5,81.5,-
20181009,81.5,81.5,81.5,81.5,-
20181010,81.5,81.5,81.5,81.5,-
20181011,81.5,81.5,81.5,81.5,100
20181012,81.5,81.5,81.5,81.5,900
20181015,80.0,83.0,81.5,81.5,200
20181016,81.5,81.5,81.5,81.5,-
20181017,81.5,81.5,81.5,81.5,-
20181018,78.0,78.0,78.0,81.5,100
20181019,81.0,81.0,81.0,78.0,100
20181022,81.0,81.0,81.0,81.0,-
20181023,83.0,83.0,83.0,81.0,100
20181024,81.0,81.5,81.0,83.0,500
20181025,81.0,81.0,81.0,81.0,200
20181026,81.0,81.0,81.0,81.0,-
20181029,81.0,81.0,81.0,81.0,-
20181030,80.0,80.0,80.0,81.0,200
20181031,80.0,80.0,80.0,80.0,-
20181101,80.0,80.0,80.0,80.0,-
20181102,80.0,80.0,80.0,80.0,-
20181105,73.5,73.5,73.5,80.0,1000
20181106,73.5,73.5,73.5,73.5,-
20181107,73.5,73.5,73.5,73.5,-
20181108,73.5,73.5,73.5,73.5,-
20181109,73.5,73.5,73.5,73.5,-
20181112,75.0,75.0,75.0,73.5,1100
20181113,75.0,75.0,75.0,75.0,-
20181114,75.0,75.0,75.0,75.0,-
20181115,82.0,82.0,82.0,75.0,100
20181116,82.0,82.0,82.0,82.0,-
20181119,75.0,75.0,75.0,82.0,117000
20181120,75.0,75.0,75.0,75.0,33000
20181121,75.0,75.0,75.0,75.0,-
20181122,75.0,75.0,75.0,75.0,-
20181123,75.0,75.0,75.0,75.0,-
20181126,80.0,80.0,80.0,75.0,200
20181127,80.0,80.0,80.0,80.0,-
20181128,80.0,80.0,80.0,80.0,-
20181129,80.0,80.0,80.0,80.0,-
20181130,80.0,80.0,80.0,80.0,-
20181203,80.0,80.0,80.0,80.0,-
20181204,80.0,80.0,80.0,80.0,-
20181205,80.0,80.0,80.0,80.0,-
20181206,75.0,75.0,75.0,80.0,1100
20181207,75.0,75.0,75.0,75.0,-
20181210,75.0,75.0,75.0,75.0,-
20181211,75.0,75.0,75.0,75.0,-
20181213,75.0,75.0,75.0,75.0,-
20181214,75.0,82.0,75.0,75.0,2900
20181217,75.0,75.0,75.0,75.0,-
20181218,75.0,75.0,75.0,75.0,-
20181219,75.0,75.0,75.0,75.0,-
20181220,75.0,75.0,75.0,75.0,-
20181221,75.0,75.0,75.0,75.0,-
20181224,75.0,75.0,75.0,75.0,-
20181227,75.0,75.0,75.0,75.0,-
20181228,75.0,75.0,75.0,75.0,-
20181231,75.0,75.0,75.0,75.0,100
20190102,75.0,75.0,75.0,75.0,-
20190103,75.0,75.0,75.0,75.0,-
20190104,75.0,75.0,75.0,75.0,-
20190107,73.75,75.0,74.25,75.0,400
20190108,80.0,80.0,80.0,74.25,100
20190109,80.0,80.0,80.0,80.0,-
20190110,80.0,80.0,80.0,80.0,100
20190111,80.0,80.0,80.0,80.0,500
20190114,80.0,80.0,80.0,80.0,-
20190115,80.0,80.0,80.0,80.0,-
20190116,75.0,80.0,75.0,80.0,144400
20190117,74.0,75.0,74.75,75.0,3500
20190118,80.0,80.0,80.0,74.75,700
20190121,80.0,80.0,80.0,80.0,-
20190122,74.0,75.0,74.25,80.0,20500
20190123,74.25,74.25,74.25,74.25,-
20190124,74.25,74.25,74.25,74.25,-
20190125,75.0,75.0,75.0,74.25,39200
20190128,75.0,75.0,75.0,75.0,500
20190129,74.25,74.25,74.25,75.0,200
20190130,81.5,81.5,81.5,74.25,100
20190131,81.5,81.5,81.5,81.5,-
