20090202,14.5,14.5,14.5,47.75,-
20090203,14.5,14.5,14.5,14.5,-
20090204,14.5,14.5,14.5,14.5,-
20090205,14.5,14.5,14.5,14.5,-
20090206,14.5,14.5,14.5,14.5,-
20090209,14.5,14.5,14.5,14.5,-
20090210,14.5,14.5,14.5,14.5,-
20090211,14.5,14.5,14.5,14.5,-
20090212,14.5,14.5,14.5,14.5,-
20090213,14.5,14.5,14.5,14.5,-
20090216,14.5,14.5,14.5,14.5,-
20090217,14.5,14.5,14.5,14.5,-
20090218,14.5,14.5,14.5,14.5,-
20090219,14.5,14.5,14.5,14.5,-
20090220,14.5,14.5,14.5,14.5,-
20090223,14.5,14.5,14.5,14.5,-
20090224,14.5,14.5,14.5,14.5,-
20090225,14.5,14.5,14.5,14.5,-
20090226,14.5,14.5,14.5,14.5,-
20090227,14.5,14.5,14.5,14.5,-
20090302,14.5,14.5,14.5,14.5,-
20090303,14.5,14.5,14.5,14.5,-
20090304,14.5,14.5,14.5,14.5,-
20090305,14.5,14.5,14.5,14.5,-
20090306,14.5,14.5,14.5,14.5,-
20090309,14.5,14.5,14.5,14.5,-
20090310,14.5,14.5,14.5,14.5,-
20090311,14.5,14.5,14.5,14.5,-
20090312,14.5,14.5,14.5,14.5,-
20090313,14.5,14.5,14.5,14.5,-
20090316,14.5,14.5,14.5,14.5,-
20090317,14.5,14.5,14.5,14.5,-
20090318,14.5,14.5,14.5,14.5,-
20090319,14.5,14.5,14.5,14.5,-
20090320,14.5,14.5,14.5,14.5,-
20090323,14.5,14.5,14.5,14.5,-
20090324,14.5,14.5,14.5,14.5,-
20090325,14.5,14.5,14.5,14.5,-
20090326,14.5,14.5,14.5,14.5,-
20090327,14.5,14.5,14.5,14.5,-
20090330,14.5,14.5,14.5,14.5,-
20090331,14.5,14.5,14.5,14.5,-
20090401,14.5,14.5,14.5,14.5,-
20090402,14.5,14.5,14.5,14.5,-
20090403,14.5,14.5,14.5,14.5,-
20090406,14.5,14.5,14.5,14.5,-
20090407,14.5,14.5,14.5,14.5,-
20090408,14.5,14.5,14.5,14.5,-
20090409,14.5,14.5,14.5,14.5,-
20090414,14.5,14.5,14.5,14.5,-
20090415,14.5,14.5,14.5,14.5,-
20090416,14.5,14.5,14.5,14.5,-
20090417,14.5,14.5,14.5,14.5,-
20090420,14.5,14.5,14.5,14.5,-
20090421,14.5,14.5,14.5,14.5,-
20090422,14.5,14.5,14.5,14.5,-
20090423,14.5,14.5,14.5,14.5,-
20090424,14.5,14.5,14.5,14.5,-
20090427,14.5,14.5,14.5,14.5,-
20090428,14.5,14.5,14.5,14.5,-
20090429,14.5,14.5,14.5,14.5,-
20090430,14.5,14.5,14.5,14.5,-
20090504,14.5,14.5,14.5,14.5,-
20090505,14.5,14.5,14.5,14.5,-
20090506,14.5,14.5,14.5,14.5,-
20090507,14.5,14.5,14.5,14.5,-
20090508,14.5,14.5,14.5,14.5,-
20090511,14.5,14.5,14.5,14.5,-
20090512,14.5,14.5,14.5,14.5,-
20090513,14.5,14.5,14.5,14.5,-
20090514,14.5,14.5,14.5,14.5,-
20090515,14.5,14.5,14.5,14.5,-
20090518,14.5,14.5,14.5,14.5,-
20090519,14.5,14.5,14.5,14.5,-
20090520,14.5,14.5,14.5,14.5,-
20090521,14.5,14.5,14.5,14.5,-
20090522,14.5,14.5,14.5,14.5,-
20090525,14.5,14.5,14.5,14.5,-
20090526,14.5,14.5,14.5,14.5,-
20090527,14.5,14.5,14.5,14.5,-
20090528,14.5,14.5,14.5,14.5,-
20090529,14.5,14.5,14.5,14.5,-
20090602,14.5,14.5,14.5,14.5,-
20090603,14.5,14.5,14.5,14.5,-
20090604,14.5,14.5,14.5,14.5,-
20090605,14.5,14.5,14.5,14.5,-
20090608,14.5,14.5,14.5,14.5,-
20090609,14.5,14.5,14.5,14.5,-
20090610,14.5,14.5,14.5,14.5,-
20090611,14.5,14.5,14.5,14.5,-
20090612,14.5,14.5,14.5,14.5,-
20090615,14.5,14.5,14.5,14.5,-
20090616,14.5,14.5,14.5,14.5,-
20090617,14.5,14.5,14.5,14.5,-
20090618,14.5,14.5,14.5,14.5,-
20090619,14.5,14.5,14.5,14.5,-
20090622,14.5,14.5,14.5,14.5,-
20090623,14.5,14.5,14.5,14.5,-
20090624,14.5,14.5,14.5,14.5,-
20090625,14.5,14.5,14.5,14.5,-
20090626,14.5,14.5,14.5,14.5,-
20090629,14.5,14.5,14.5,14.5,-
20090630,14.5,14.5,14.5,14.5,-
20090701,14.5,14.5,14.5,14.5,-
20090702,14.5,14.5,14.5,14.5,-
20090703,14.5,14.5,14.5,14.5,-
20090706,14.5,14.5,14.5,14.5,-
20090707,14.5,14.5,14.5,14.5,-
20090708,14.5,14.5,14.5,14.5,-
20090709,14.5,14.5,14.5,14.5,-
20090710,14.5,14.5,14.5,14.5,-
20090713,14.5,14.5,14.5,14.5,-
20090714,14.5,14.5,14.5,14.5,-
20090715,14.5,14.5,14.5,14.5,-
20090716,14.5,14.5,14.5,14.5,-
20090717,14.5,14.5,14.5,14.5,-
20090720,14.5,14.5,14.5,14.5,-
20090721,14.5,14.5,14.5,14.5,-
20090722,14.5,14.5,14.5,14.5,-
20090723,14.5,14.5,14.5,14.5,-
20090724,14.5,14.5,14.5,14.5,-
20090727,14.5,14.5,14.5,14.5,-
20090728,14.5,14.5,14.5,14.5,-
20090729,14.5,14.5,14.5,14.5,-
20090730,14.5,14.5,14.5,14.5,-
20090731,14.5,14.5,14.5,14.5,-
20090803,14.5,14.5,14.5,14.5,-
20090804,14.5,14.5,14.5,14.5,-
20090805,14.5,14.5,14.5,14.5,-
20090806,14.5,14.5,14.5,14.5,-
20090807,14.5,14.5,14.5,14.5,-
20090810,14.5,14.5,14.5,14.5,-
20090811,14.5,14.5,14.5,14.5,-
20090812,14.5,14.5,14.5,14.5,-
20090813,14.5,14.5,14.5,14.5,-
20090814,14.5,14.5,14.5,14.5,-
20090817,14.5,14.5,14.5,14.5,-
20090818,14.5,14.5,14.5,14.5,-
20090819,14.5,14.5,14.5,14.5,-
20090820,14.5,14.5,14.5,14.5,-
20090821,14.5,14.5,14.5,14.5,-
20090824,14.5,14.5,14.5,14.5,-
20090825,14.5,14.5,14.5,14.5,-
20090826,14.5,14.5,14.5,14.5,-
20090827,14.5,14.5,14.5,14.5,-
20090828,14.5,14.5,14.5,14.5,-
20090831,14.5,14.5,14.5,14.5,-
20090901,14.5,14.5,14.5,14.5,-
20090902,14.5,14.5,14.5,14.5,-
20090903,14.5,14.5,14.5,14.5,-
20090904,14.5,14.5,14.5,14.5,-
20090907,14.5,14.5,14.5,14.5,-
20090908,14.5,14.5,14.5,14.5,-
20090909,14.5,14.5,14.5,14.5,-
20090910,14.5,14.5,14.5,14.5,-
20090911,14.5,14.5,14.5,14.5,-
20090914,14.5,14.5,14.5,14.5,-
20090915,14.5,14.5,14.5,14.5,-
20090916,14.5,14.5,14.5,14.5,-
20090917,14.5,14.5,14.5,14.5,-
20090918,14.5,14.5,14.5,14.5,-
20090921,14.5,14.5,14.5,14.5,-
20090922,14.5,14.5,14.5,14.5,-
20090923,14.5,14.5,14.5,14.5,-
20090924,14.5,14.5,14.5,14.5,-
20090925,14.5,14.5,14.5,14.5,-
20090928,14.5,14.5,14.5,14.5,-
20090929,14.5,14.5,14.5,14.5,-
20090930,14.5,14.5,14.5,14.5,-
20091001,14.5,14.5,14.5,14.5,-
20091002,14.5,14.5,14.5,14.5,-
20091005,14.5,14.5,14.5,14.5,-
20091006,14.5,14.5,14.5,14.5,-
20091007,14.5,14.5,14.5,14.5,-
20091008,14.5,14.5,14.5,14.5,-
20091009,14.5,14.5,14.5,14.5,-
20091012,14.5,14.5,14.5,14.5,-
20091013,14.5,14.5,14.5,14.5,-
20091014,14.5,14.5,14.5,14.5,-
20091015,14.5,14.5,14.5,14.5,-
20091016,14.5,14.5,14.5,14.5,-
20091019,14.5,14.5,14.5,14.5,-
20091021,14.5,14.5,14.5,14.5,-
20091022,14.5,14.5,14.5,14.5,-
20091023,14.5,14.5,14.5,14.5,-
20091026,14.5,14.5,14.5,14.5,-
20091027,14.5,14.5,14.5,14.5,-
20091028,14.5,14.5,14.5,14.5,-
20091029,14.5,14.5,14.5,14.5,-
20091030,14.5,14.5,14.5,14.5,-
20091102,14.5,14.5,14.5,14.5,-
20091103,14.5,14.5,14.5,14.5,-
20091104,14.5,14.5,14.5,14.5,-
20091105,14.5,14.5,14.5,14.5,-
20091106,14.5,14.5,14.5,14.5,-
20091109,14.5,14.5,14.5,14.5,-
20091110,14.5,14.5,14.5,14.5,-
20091111,14.5,14.5,14.5,14.5,-
20091112,14.5,14.5,14.5,14.5,-
20091113,14.5,14.5,14.5,14.5,-
20091116,14.5,14.5,14.5,14.5,-
20091117,14.5,14.5,14.5,14.5,-
20091118,14.5,14.5,14.5,14.5,-
20091119,14.5,14.5,14.5,14.5,-
20091120,14.5,14.5,14.5,14.5,-
20091123,14.5,14.5,14.5,14.5,-
20091124,14.5,14.5,14.5,14.5,-
20091125,14.5,14.5,14.5,14.5,-
20091126,14.5,14.5,14.5,14.5,-
20091127,14.5,14.5,14.5,14.5,-
20091130,14.5,14.5,14.5,14.5,-
20091201,14.5,14.5,14.5,14.5,-
20091202,14.5,14.5,14.5,14.5,-
20091203,14.5,14.5,14.5,14.5,-
20091204,14.5,14.5,14.5,14.5,-
20091207,14.5,14.5,14.5,14.5,-
20091208,14.5,14.5,14.5,14.5,-
20091209,14.5,14.5,14.5,14.5,-
20091210,14.5,14.5,14.5,14.5,-
20091211,14.5,14.5,14.5,14.5,-
20091214,14.5,14.5,14.5,14.5,-
20091215,14.5,14.5,14.5,14.5,-
20091216,14.5,14.5,14.5,14.5,-
20091217,14.5,14.5,14.5,14.5,-
20091218,14.5,14.5,14.5,14.5,-
20091221,14.5,14.5,14.5,14.5,-
20091222,14.5,14.5,14.5,14.5,-
20091223,14.5,14.5,14.5,14.5,-
20091224,14.5,14.5,14.5,14.5,-
20091228,14.5,14.5,14.5,14.5,-
20091229,14.5,14.5,14.5,14.5,-
20091230,14.5,14.5,14.5,14.5,-
20091231,14.5,14.5,14.5,14.5,-
20100104,14.5,14.5,14.5,14.5,-
20100105,14.5,14.5,14.5,14.5,-
20100106,14.5,14.5,14.5,14.5,-
20100107,14.5,14.5,14.5,14.5,-
20100108,14.5,14.5,14.5,14.5,-
20100111,14.5,14.5,14.5,14.5,-
20100112,14.5,14.5,14.5,14.5,-
20100113,14.5,14.5,14.5,14.5,-
20100114,14.5,14.5,14.5,14.5,-
20100115,14.5,14.5,14.5,14.5,-
20100118,14.5,14.5,14.5,14.5,-
20100119,14.5,14.5,14.5,14.5,-
20100120,14.5,14.5,14.5,14.5,-
20100121,14.5,14.5,14.5,14.5,-
20100122,14.5,14.5,14.5,14.5,-
20100125,14.5,14.5,14.5,14.5,-
20100126,14.5,14.5,14.5,14.5,-
20100127,14.5,14.5,14.5,14.5,-
20100128,14.5,14.5,14.5,14.5,-
20100129,14.5,14.5,14.5,14.5,-
20100201,14.5,14.5,14.5,14.5,-
20100202,14.5,14.5,14.5,14.5,-
20100203,14.5,14.5,14.5,14.5,-
20100204,14.5,14.5,14.5,14.5,-
20100205,14.5,14.5,14.5,14.5,-
20100208,14.5,14.5,14.5,14.5,-
20100209,14.5,14.5,14.5,14.5,-
20100210,14.5,14.5,14.5,14.5,-
20100211,14.5,14.5,14.5,14.5,-
20100212,14.5,14.5,14.5,14.5,-
20100215,14.5,14.5,14.5,14.5,-
20100216,14.5,14.5,14.5,14.5,-
20100217,14.5,14.5,14.5,14.5,-
20100218,14.5,14.5,14.5,14.5,-
20100219,14.5,14.5,14.5,14.5,-
20100222,14.5,14.5,14.5,14.5,-
20100223,14.5,14.5,14.5,14.5,-
20100224,14.5,14.5,14.5,14.5,-
20100225,14.5,14.5,14.5,14.5,-
20100226,14.5,14.5,14.5,14.5,-
20100301,14.5,14.5,14.5,14.5,-
20100302,14.5,14.5,14.5,14.5,-
20100303,14.5,14.5,14.5,14.5,-
20100304,14.5,14.5,14.5,14.5,-
20100305,14.5,14.5,14.5,14.5,-
20100308,14.5,14.5,14.5,14.5,-
20100309,14.5,14.5,14.5,14.5,-
20100310,14.5,14.5,14.5,14.5,-
20100311,14.5,14.5,14.5,14.5,-
20100312,14.5,14.5,14.5,14.5,-
20100315,14.5,14.5,14.5,14.5,-
20100316,14.5,14.5,14.5,14.5,-
20100317,14.5,14.5,14.5,14.5,-
20100318,14.5,14.5,14.5,14.5,-
20100319,14.5,14.5,14.5,14.5,-
20100322,14.5,14.5,14.5,14.5,-
20100323,14.5,14.5,14.5,14.5,-
20100324,14.5,14.5,14.5,14.5,-
20100325,14.5,14.5,14.5,14.5,-
20100326,14.5,14.5,14.5,14.5,-
20100329,14.5,14.5,14.5,14.5,-
20100330,14.5,14.5,14.5,14.5,-
20100331,14.5,14.5,14.5,14.5,-
20100401,14.5,14.5,14.5,14.5,-
20100406,14.5,14.5,14.5,14.5,-
20100407,14.5,14.5,14.5,14.5,-
20100408,14.5,14.5,14.5,14.5,-
20100409,14.5,14.5,14.5,14.5,-
20100412,14.5,14.5,14.5,14.5,-
20100413,14.5,14.5,14.5,14.5,-
20100414,14.5,14.5,14.5,14.5,-
20100415,14.5,14.5,14.5,14.5,-
20100416,14.5,14.5,14.5,14.5,-
20100419,14.5,14.5,14.5,14.5,-
20100420,14.5,14.5,14.5,14.5,-
20100421,14.5,14.5,14.5,14.5,-
20100422,14.5,14.5,14.5,14.5,-
20100423,14.5,14.5,14.5,14.5,-
20100426,14.5,14.5,14.5,14.5,-
20100427,14.5,14.5,14.5,14.5,-
20100428,14.5,14.5,14.5,14.5,-
20100429,14.5,14.5,14.5,14.5,-
20100430,14.5,14.5,14.5,14.5,-
20100503,14.5,14.5,14.5,14.5,-
20100504,14.5,14.5,14.5,14.5,-
20100505,14.5,14.5,14.5,14.5,-
20100506,14.5,14.5,14.5,14.5,-
20100507,14.5,14.5,14.5,14.5,-
20100510,14.5,14.5,14.5,14.5,-
20100511,14.5,14.5,14.5,14.5,-
20100512,14.5,14.5,14.5,14.5,-
20100513,14.5,14.5,14.5,14.5,-
20100514,14.5,14.5,14.5,14.5,-
20100517,14.5,14.5,14.5,14.5,-
20100518,14.5,14.5,14.5,14.5,-
20100519,14.5,14.5,14.5,14.5,-
20100520,14.5,14.5,14.5,14.5,-
20100521,14.5,14.5,14.5,14.5,-
20100524,14.5,14.5,14.5,14.5,-
20100525,14.5,14.5,14.5,14.5,-
20100526,14.5,14.5,14.5,14.5,-
20100527,14.5,14.5,14.5,14.5,-
20100528,14.5,14.5,14.5,14.5,-
20100531,14.5,14.5,14.5,14.5,-
20100602,14.5,14.5,14.5,14.5,-
20100603,14.5,14.5,14.5,14.5,-
20100604,14.5,14.5,14.5,14.5,-
20100607,14.5,14.5,14.5,14.5,-
20100608,14.5,14.5,14.5,14.5,-
20100609,14.5,14.5,14.5,14.5,-
20100610,14.5,14.5,14.5,14.5,-
20100611,14.5,14.5,14.5,14.5,-
20100614,14.5,14.5,14.5,14.5,-
20100615,14.5,14.5,14.5,14.5,-
20100616,14.5,14.5,14.5,14.5,-
20100617,14.5,14.5,14.5,14.5,-
20100618,14.5,14.5,14.5,14.5,-
20100621,14.5,14.5,14.5,14.5,-
20100622,14.5,14.5,14.5,14.5,-
20100623,14.5,14.5,14.5,14.5,-
20100624,14.5,14.5,14.5,14.5,-
20100625,14.5,14.5,14.5,14.5,-
20100628,14.5,14.5,14.5,14.5,-
20100629,14.5,14.5,14.5,14.5,-
20100630,14.5,14.5,14.5,14.5,-
20100701,14.5,14.5,14.5,14.5,-
20100702,14.5,14.5,14.5,14.5,-
20100705,14.5,14.5,14.5,14.5,-
20100706,14.5,14.5,14.5,14.5,-
20100707,14.5,14.5,14.5,14.5,-
20100708,14.5,14.5,14.5,14.5,-
20100709,14.5,14.5,14.5,14.5,-
20100712,14.5,14.5,14.5,14.5,-
20100713,14.5,14.5,14.5,14.5,-
20100714,14.5,14.5,14.5,14.5,-
20100715,14.5,14.5,14.5,14.5,-
20100716,14.5,14.5,14.5,14.5,-
20100719,14.5,14.5,14.5,14.5,-
20100720,14.5,14.5,14.5,14.5,-
20100721,14.5,14.5,14.5,14.5,-
20100722,14.5,14.5,14.5,14.5,-
20100723,14.5,14.5,14.5,14.5,-
20100726,14.5,14.5,14.5,14.5,-
20100727,14.5,14.5,14.5,14.5,-
20100728,14.5,14.5,14.5,14.5,-
20100729,14.5,14.5,14.5,14.5,-
20100730,14.5,14.5,14.5,14.5,-
20100802,14.5,14.5,14.5,14.5,-
20100803,14.5,14.5,14.5,14.5,-
20100804,14.5,14.5,14.5,14.5,-
20100805,14.5,14.5,14.5,14.5,-
20100806,14.5,14.5,14.5,14.5,-
20100809,14.5,14.5,14.5,14.5,-
20100810,14.5,14.5,14.5,14.5,-
20100811,14.5,14.5,14.5,14.5,-
20100812,14.5,14.5,14.5,14.5,-
20100813,14.5,14.5,14.5,14.5,-
20100816,14.5,14.5,14.5,14.5,-
20100817,14.5,14.5,14.5,14.5,-
20100818,14.5,14.5,14.5,14.5,-
20100819,14.5,14.5,14.5,14.5,-
20100820,14.5,14.5,14.5,14.5,-
20100823,14.5,14.5,14.5,14.5,-
20100824,14.5,14.5,14.5,14.5,-
20100825,14.5,14.5,14.5,14.5,-
20100826,14.5,14.5,14.5,14.5,-
20100827,14.5,14.5,14.5,14.5,-
20100830,14.5,14.5,14.5,14.5,-
20100831,14.5,14.5,14.5,14.5,-
20100901,14.5,14.5,14.5,14.5,-
20100902,14.5,14.5,14.5,14.5,-
20100903,14.5,14.5,14.5,14.5,-
20100906,14.5,14.5,14.5,14.5,-
20100907,14.5,14.5,14.5,14.5,-
20100908,14.5,14.5,14.5,14.5,-
20100909,14.5,14.5,14.5,14.5,-
20100910,14.5,14.5,14.5,14.5,-
20100913,14.5,14.5,14.5,14.5,-
20100914,14.5,14.5,14.5,14.5,-
20100915,14.5,14.5,14.5,14.5,-
20100916,14.5,14.5,14.5,14.5,-
20100917,14.5,14.5,14.5,14.5,-
20100920,14.5,14.5,14.5,14.5,-
20100921,14.5,14.5,14.5,14.5,-
20100922,14.5,14.5,14.5,14.5,-
20100923,14.5,14.5,14.5,14.5,-
20100924,14.5,14.5,14.5,14.5,-
20100927,14.5,14.5,14.5,14.5,-
20100928,14.5,14.5,14.5,14.5,-
20100929,14.5,14.5,14.5,14.5,-
20100930,14.5,14.5,14.5,14.5,-
20101001,14.5,14.5,14.5,14.5,-
20101004,14.5,14.5,14.5,14.5,-
20101005,14.5,14.5,14.5,14.5,-
20101006,14.5,14.5,14.5,14.5,-
20101007,14.5,14.5,14.5,14.5,-
20101008,14.5,14.5,14.5,14.5,-
20101011,14.5,14.5,14.5,14.5,-
20101012,14.5,14.5,14.5,14.5,-
20101013,14.5,14.5,14.5,14.5,-
20101014,14.5,14.5,14.5,14.5,-
20101015,14.5,14.5,14.5,14.5,-
20101018,14.5,14.5,14.5,14.5,-
20101019,14.5,14.5,14.5,14.5,-
20101021,14.5,14.5,14.5,14.5,-
20101022,14.5,14.5,14.5,14.5,-
20101025,14.5,14.5,14.5,14.5,-
20101026,14.5,14.5,14.5,14.5,-
20101027,14.5,14.5,14.5,14.5,-
20101028,14.5,14.5,14.5,14.5,-
20101029,14.5,14.5,14.5,14.5,-
20101101,14.5,14.5,14.5,14.5,-
20101102,14.5,14.5,14.5,14.5,-
20101103,14.5,14.5,14.5,14.5,-
20101104,14.5,14.5,14.5,14.5,-
20101105,14.5,14.5,14.5,14.5,-
20101108,14.5,14.5,14.5,14.5,-
20101109,14.5,14.5,14.5,14.5,-
20101110,14.5,14.5,14.5,14.5,-
20101111,14.5,14.5,14.5,14.5,-
20101112,14.5,14.5,14.5,14.5,-
20101115,14.5,14.5,14.5,14.5,-
20101116,14.5,14.5,14.5,14.5,-
20101117,14.5,14.5,14.5,14.5,-
20101118,14.5,14.5,14.5,14.5,-
20101119,14.5,14.5,14.5,14.5,-
20101122,14.5,14.5,14.5,14.5,-
20101123,14.5,14.5,14.5,14.5,-
20101124,14.5,14.5,14.5,14.5,-
20101125,14.5,14.5,14.5,14.5,-
20101126,14.5,14.5,14.5,14.5,-
20101129,14.5,14.5,14.5,14.5,-
20101130,14.5,14.5,14.5,14.5,-
20101201,14.5,14.5,14.5,14.5,-
20101202,14.5,14.5,14.5,14.5,-
20101203,14.5,14.5,14.5,14.5,-
20101206,14.5,14.5,14.5,14.5,-
20101207,14.5,14.5,14.5,14.5,-
20101208,14.5,14.5,14.5,14.5,-
20101209,14.5,14.5,14.5,14.5,-
20101210,14.5,14.5,14.5,14.5,-
20101214,14.5,14.5,14.5,14.5,-
20101215,14.5,14.5,14.5,14.5,-
20101216,14.5,14.5,14.5,14.5,-
20101217,14.5,14.5,14.5,14.5,-
20101220,14.5,14.5,14.5,14.5,-
20101221,14.5,14.5,14.5,14.5,-
20101222,14.5,14.5,14.5,14.5,-
20101223,14.5,14.5,14.5,14.5,-
20101224,14.5,14.5,14.5,14.5,-
20101228,14.5,14.5,14.5,14.5,-
20101229,14.5,14.5,14.5,14.5,-
20101230,14.5,14.5,14.5,14.5,-
20101231,14.5,14.5,14.5,14.5,-
20110103,14.5,14.5,14.5,14.5,-
20110104,14.5,14.5,14.5,14.5,-
20110105,14.5,14.5,14.5,14.5,-
20110106,14.5,14.5,14.5,14.5,-
20110107,14.5,14.5,14.5,14.5,-
20110110,14.5,14.5,14.5,14.5,-
20110111,14.5,14.5,14.5,14.5,-
20110112,14.5,14.5,14.5,14.5,-
20110113,14.5,14.5,14.5,14.5,-
20110114,14.5,14.5,14.5,14.5,-
20110117,14.5,14.5,14.5,14.5,-
20110118,14.5,14.5,14.5,14.5,-
20110119,14.5,14.5,14.5,14.5,-
20110120,14.5,14.5,14.5,14.5,-
20110121,14.5,14.5,14.5,14.5,-
20110124,14.5,14.5,14.5,14.5,-
20110125,14.5,14.5,14.5,14.5,-
20110126,14.5,14.5,14.5,14.5,-
20110127,14.5,14.5,14.5,14.5,-
20110128,14.5,14.5,14.5,14.5,-
20110131,14.5,14.5,14.5,14.5,-
20110201,14.5,14.5,14.5,14.5,-
20110202,14.5,14.5,14.5,14.5,-
20110203,14.5,14.5,14.5,14.5,-
20110204,14.5,14.5,14.5,14.5,-
20110207,14.5,14.5,14.5,14.5,-
20110208,14.5,14.5,14.5,14.5,-
20110209,14.5,14.5,14.5,14.5,-
20110210,14.5,14.5,14.5,14.5,-
20110211,14.5,14.5,14.5,14.5,-
20110214,14.5,14.5,14.5,14.5,-
20110215,14.5,14.5,14.5,14.5,-
20110216,14.5,14.5,14.5,14.5,-
20110217,14.5,14.5,14.5,14.5,-
20110218,14.5,14.5,14.5,14.5,-
20110221,14.5,14.5,14.5,14.5,-
20110222,14.5,14.5,14.5,14.5,-
20110223,14.5,14.5,14.5,14.5,-
20110224,14.5,14.5,14.5,14.5,-
20110225,14.5,14.5,14.5,14.5,-
20110228,14.5,14.5,14.5,14.5,-
20110301,14.5,14.5,14.5,14.5,-
20110302,14.5,14.5,14.5,14.5,-
20110303,14.5,14.5,14.5,14.5,-
20110304,14.5,14.5,14.5,14.5,-
20110307,14.5,14.5,14.5,14.5,-
20110308,14.5,14.5,14.5,14.5,-
20110309,14.5,14.5,14.5,14.5,-
20110310,14.5,14.5,14.5,14.5,-
20110311,14.5,14.5,14.5,14.5,-
20110314,14.5,14.5,14.5,14.5,-
20110315,14.5,14.5,14.5,14.5,-
20110316,14.5,14.5,14.5,14.5,-
20110317,14.5,14.5,14.5,14.5,-
20110318,14.5,14.5,14.5,14.5,-
20110321,14.5,14.5,14.5,14.5,-
20110322,14.5,14.5,14.5,14.5,-
20110323,14.5,14.5,14.5,14.5,-
20110324,14.5,14.5,14.5,14.5,-
20110325,14.5,14.5,14.5,14.5,-
20110328,14.5,14.5,14.5,14.5,-
20110329,14.5,14.5,14.5,14.5,-
20110330,14.5,14.5,14.5,14.5,-
20110331,14.5,14.5,14.5,14.5,-
20110401,14.5,14.5,14.5,14.5,-
20110404,14.5,14.5,14.5,14.5,-
20110405,14.5,14.5,14.5,14.5,-
20110406,14.5,14.5,14.5,14.5,-
20110407,14.5,14.5,14.5,14.5,-
20110408,14.5,14.5,14.5,14.5,-
20110411,14.5,14.5,14.5,14.5,-
20110412,14.5,14.5,14.5,14.5,-
20110413,14.5,14.5,14.5,14.5,-
20110414,14.5,14.5,14.5,14.5,-
20110415,14.5,14.5,14.5,14.5,-
20110418,14.5,14.5,14.5,14.5,-
20110419,14.5,14.5,14.5,14.5,-
20110420,14.5,14.5,14.5,14.5,-
20110421,14.5,14.5,14.5,14.5,-
20110426,14.5,14.5,14.5,14.5,-
20110427,14.5,14.5,14.5,14.5,-
20110428,14.5,14.5,14.5,14.5,-
20110429,14.5,14.5,14.5,14.5,-
20110503,14.5,14.5,14.5,14.5,-
20110504,14.5,14.5,14.5,14.5,-
20110505,14.5,14.5,14.5,14.5,-
20110506,14.5,14.5,14.5,14.5,-
20110509,14.5,14.5,14.5,14.5,-
20110510,14.5,14.5,14.5,14.5,-
20110511,14.5,14.5,14.5,14.5,-
20110512,14.5,14.5,14.5,14.5,-
20110513,14.5,14.5,14.5,14.5,-
20110516,14.5,14.5,14.5,14.5,-
20110517,14.5,14.5,14.5,14.5,-
20110518,14.5,14.5,14.5,14.5,-
20110519,14.5,14.5,14.5,14.5,-
20110520,14.5,14.5,14.5,14.5,-
20110523,14.5,14.5,14.5,14.5,-
20110524,14.5,14.5,14.5,14.5,-
20110525,14.5,14.5,14.5,14.5,-
20110526,14.5,14.5,14.5,14.5,-
20110527,14.5,14.5,14.5,14.5,-
20110530,14.5,14.5,14.5,14.5,-
20110531,10.8,15.9,12.5,14.5,1.67M
20110602,11.25,12.5,11.4,12.5,1.01M
20110603,10.3,11.0,10.3,11.4,819500
20110606,9.4,10.0,9.85,10.3,1.07M
20110607,9.85,10.2,9.9,9.85,5.47M
20110608,10.0,10.55,10.25,9.9,412400
20110609,10.5,11.25,11.2,10.25,6.25M
20110610,11.5,12.35,12.3,11.2,463800
20110613,11.55,13.5,12.75,12.3,1.30M
20110614,12.8,13.6,13.25,12.75,563400
20110615,11.95,13.1,12.8,13.25,1.94M
20110616,12.3,13.5,13.0,12.8,2.53M
20110617,13.0,13.5,13.0,13.0,1.09M
20110620,12.55,13.1,12.95,13.0,1.25M
20110621,12.55,12.65,12.55,12.95,366400
20110622,12.5,12.9,12.7,12.55,1.30M
20110623,12.1,12.65,12.45,12.7,207300
20110624,12.3,12.45,12.3,12.45,221400
20110627,11.75,12.3,12.0,12.3,228400
20110628,11.4,12.0,11.5,12.0,207900
20110629,10.9,11.5,11.05,11.5,484300
20110630,11.05,11.95,11.4,11.05,87100
20110701,11.5,12.05,11.95,11.4,1.26M
20110704,11.9,12.1,11.95,11.95,639900
20110705,11.5,12.05,11.9,11.95,167100
20110706,11.2,11.9,11.45,11.9,192400
20110707,11.3,11.9,11.5,11.45,66800
20110708,11.3,11.9,11.5,11.45,66800
20110711,11.0,11.4,11.15,11.5,717700
20110712,11.0,11.1,11.0,11.15,304600
20110713,10.8,11.1,11.0,11.0,414900
20110714,10.5,11.0,10.95,11.0,135100
20110715,10.5,10.9,10.5,10.95,280000
20110718,10.2,10.55,10.4,10.5,223600
20110719,10.2,10.8,10.4,10.4,228700
20110720,10.5,10.7,10.55,10.4,116200
20110721,10.3,10.55,10.5,10.55,83600
20110722,10.5,10.7,10.5,10.5,71000
20110725,10.3,10.45,10.3,10.5,129200
20110726,10.1,10.35,10.15,10.3,161200
20110727,10.0,10.5,10.15,10.15,106500
20110728,10.0,10.5,10.15,10.15,78700
20110729,10.0,10.15,10.05,10.15,264000
20110801,9.5,10.25,9.6,10.05,81200
20110802,9.5,10.0,9.65,9.6,135600
20110803,9.7,10.0,9.75,9.65,74400
20110804,9.75,10.0,9.75,9.75,124300
20110805,9.75,10.05,9.95,9.75,117700
20110808,9.4,9.75,9.55,9.95,116400
20110809,8.6,9.5,9.1,9.55,82400
20110810,8.25,9.0,8.55,9.1,925200
20110811,8.55,9.05,8.95,8.55,825700
20110812,8.7,9.1,8.8,8.95,86900
20110815,9.0,9.1,9.0,8.8,118800
20110816,9.0,9.5,9.0,9.0,72300
20110817,8.8,9.0,8.95,9.0,100600
20110818,8.8,9.1,8.95,8.95,428300
20110819,9.0,9.1,9.0,8.95,86600
20110822,8.8,9.05,8.95,9.0,57600
20110823,8.55,9.0,8.8,8.95,180100
20110824,8.8,9.0,8.8,8.8,37200
20110825,8.7,8.9,8.75,8.8,131900
20110826,8.0,8.8,8.25,8.75,61100
20110829,8.2,8.25,8.2,8.25,35400
20110830,8.0,8.3,8.1,8.2,95600
20110831,8.0,8.3,8.1,8.2,95600
20110901,8.0,8.15,8.1,8.1,116600
20110902,8.0,8.1,8.05,8.1,52800
20110905,7.3,8.0,7.5,8.05,182000
20110906,7.35,7.5,7.4,7.5,16000
20110907,7.2,7.8,7.4,7.4,64300
20110908,7.55,8.0,7.9,7.4,50800
20110909,7.8,8.5,8.35,7.9,297800
20110912,8.05,8.35,8.25,8.35,573900
20110913,8.0,8.5,8.4,8.25,130600
20110914,8.0,8.8,8.3,8.4,132000
20110915,8.1,9.0,8.7,8.3,161200
20110916,8.5,8.9,8.5,8.7,9000
20110919,8.25,8.5,8.35,8.5,28300
20110920,8.25,8.6,8.5,8.35,214500
20110921,8.4,8.55,8.4,8.5,192200
20110922,8.3,8.7,8.55,8.4,118300
20110923,8.3,8.8,8.5,8.55,110500
20110926,8.3,8.5,8.35,8.5,41600
20110927,8.5,8.95,8.65,8.35,88900
20110928,8.4,8.65,8.5,8.65,119600
20110929,8.35,8.65,8.5,8.5,73000
20110930,8.55,8.55,8.55,8.5,66400
20111003,8.35,8.6,8.5,8.55,117800
20111004,8.5,8.7,8.5,8.5,78000
20111005,8.5,8.7,8.55,8.5,112100
20111006,8.3,8.55,8.5,8.55,70800
20111007,8.25,8.9,8.45,8.5,40500
20111010,8.45,8.9,8.45,8.45,70700
20111011,8.6,9.0,8.9,8.45,709200
20111012,8.55,8.9,8.55,8.9,149200
20111013,8.5,8.7,8.55,8.55,22600
20111014,8.4,8.5,8.45,8.55,155200
20111017,8.55,8.65,8.55,8.45,16100
20111018,8.5,8.6,8.5,8.55,23300
20111019,8.5,8.8,8.55,8.5,560800
20111021,8.5,9.0,8.75,8.55,132700
20111024,8.25,8.75,8.5,8.75,9600
20111025,8.4,8.6,8.45,8.5,333700
20111026,8.4,8.6,8.4,8.45,27400
20111027,8.4,8.5,8.4,8.4,149400
20111028,8.4,8.7,8.5,8.4,88000
20111031,8.6,9.0,8.95,8.5,103400
20111101,8.65,9.0,8.95,8.95,163200
20111102,9.0,9.25,9.1,8.95,221600
20111103,8.6,9.3,8.95,9.1,92600
20111104,8.6,9.0,8.95,8.95,291400
20111107,8.75,9.0,8.95,8.95,61100
20111108,8.75,9.0,8.95,8.95,61100
20111109,8.5,9.0,8.55,8.95,20500
20111110,8.25,8.9,8.55,8.55,401100
20111111,8.5,8.9,8.5,8.55,20300
20111114,8.0,8.5,8.0,8.5,63300
20111115,8.0,8.3,8.0,8.0,103200
20111116,8.0,8.5,8.0,8.0,65700
20111117,8.05,8.05,8.05,8.0,24700
20111118,8.0,8.05,8.0,8.05,124900
20111121,8.0,8.25,8.0,8.0,9600
20111122,8.0,8.25,8.0,8.0,22900
20111123,7.55,8.0,7.95,8.0,11900
20111124,7.5,7.6,7.55,7.95,25500
20111125,7.5,7.6,7.5,7.55,49900
20111128,7.6,7.65,7.6,7.5,63800
20111129,7.4,7.65,7.55,7.6,284900
20111130,7.3,7.5,7.35,7.55,258800
20111201,7.0,7.7,7.2,7.35,9500
20111202,6.5,7.0,6.9,7.2,33100
20111205,6.6,7.0,6.9,6.9,123400
20111206,6.5,7.55,6.85,6.9,103900
20111207,6.8,7.0,6.8,6.85,500
20111208,6.5,6.8,6.75,6.8,34800
20111209,6.5,6.8,6.7,6.75,6300
20111213,6.75,6.85,6.8,6.7,22400
20111214,6.75,7.0,6.8,6.8,9500
20111215,6.75,6.85,6.75,6.8,30800
20111216,6.75,7.0,6.75,6.75,12600
20111219,7.4,7.4,7.4,6.75,2700
20111220,6.75,7.4,6.95,7.4,1.01M
20111221,6.8,7.3,7.2,6.95,3.29M
20111222,6.5,7.05,6.95,7.2,45900
20111223,7.0,7.2,7.15,6.95,19900
20111227,7.0,7.2,7.15,7.15,100300
20111228,7.0,7.6,7.0,7.15,10100
20111229,7.0,7.6,7.4,7.0,18500
20111230,7.55,8.0,7.7,7.4,19900
20120103,7.4,7.55,7.5,7.7,20400
20120104,7.05,7.8,7.6,7.5,26100
20120105,7.6,7.8,7.6,7.6,29100
20120106,7.75,8.0,7.85,7.6,65200
20120109,7.5,7.8,7.6,7.85,119100
20120110,7.5,8.15,7.55,7.6,168800
20120111,7.5,7.6,7.55,7.55,54400
20120112,7.5,7.6,7.5,7.55,22200
20120113,7.2,7.5,7.4,7.5,67000
20120116,7.0,7.7,7.4,7.4,12800
20120117,7.5,7.7,7.5,7.4,6500
20120118,7.5,7.5,7.5,7.5,39900
20120119,7.5,7.5,7.5,7.5,21300
20120120,7.2,7.7,7.4,7.5,17200
20120123,7.5,7.5,7.5,7.4,4200
20120124,7.5,7.5,7.5,7.5,17800
20120125,7.5,7.7,7.5,7.5,104100
20120126,7.5,7.7,7.5,7.5,193300
20120127,7.3,7.5,7.45,7.5,19700
20120130,7.5,7.5,7.5,7.45,20600
20120131,7.5,7.95,7.55,7.5,51700
20120201,7.3,7.7,7.6,7.55,15300
20120202,7.2,7.5,7.25,7.6,11100
20120203,6.8,7.5,7.15,7.25,523000
20120206,7.0,7.2,7.0,7.15,147200
20120207,7.0,7.5,7.2,7.0,979400
20120208,7.2,7.3,7.2,7.2,38000
20120209,7.05,7.2,7.15,7.2,602500
20120210,7.0,7.5,7.05,7.15,49300
20120213,7.0,7.2,7.05,7.05,13800
20120214,7.0,7.5,7.4,7.05,176200
20120215,7.0,7.35,7.0,7.4,56500
20120216,7.0,7.35,7.0,7.0,39800
20120217,7.35,7.4,7.35,7.0,12300
20120220,6.9,7.35,6.9,7.35,118300
20120221,6.8,7.3,6.8,6.9,17800
20120222,6.95,7.2,7.0,6.8,45500
20120223,7.1,7.5,7.2,7.0,20300
20120224,7.2,7.3,7.2,7.2,66100
20120227,7.15,7.2,7.15,7.2,3600
20120228,7.05,7.5,7.1,7.15,33000
20120229,7.1,7.5,7.15,7.1,25800
20120301,7.15,7.7,7.25,7.15,8900
20120302,7.2,7.5,7.3,7.25,34000
20120305,7.2,8.0,7.6,7.3,100200
20120306,8.0,8.35,8.2,7.6,45400
20120307,8.0,8.5,8.2,8.2,13400
20120308,8.35,9.0,8.9,8.2,161200
20120309,9.0,9.75,9.45,8.9,455900
20120312,9.0,9.8,9.5,9.45,308100
20120313,9.5,10.2,9.95,9.5,1.34M
20120314,9.6,10.3,10.0,9.95,117300
20120315,9.6,10.0,9.95,10.0,866900
20120316,9.0,9.6,9.4,9.95,755800
20120319,9.2,9.8,9.45,9.4,88900
20120320,9.5,9.7,9.6,9.45,301500
20120321,9.6,9.8,9.7,9.6,587200
20120322,9.9,10.2,10.0,9.7,454300
20120323,10.0,10.5,10.4,10.0,263200
20120326,10.4,10.9,10.45,10.4,259900
20120327,10.5,11.45,11.2,10.45,509900
20120328,11.45,12.25,12.05,11.2,386300
20120329,12.0,12.45,12.2,12.05,371500
20120330,12.0,12.3,12.2,12.2,894100
20120402,12.0,12.3,12.15,12.2,235700
20120403,12.0,12.5,12.45,12.15,317300
20120404,12.3,12.6,12.4,12.45,154600
20120405,12.5,13.2,12.8,12.4,397000
20120410,12.7,13.2,12.95,12.8,625200
20120411,13.1,14.2,13.65,12.95,1.67M
20120412,14.0,14.9,14.65,13.65,1.44M
20120413,13.4,14.75,13.9,14.65,817400
20120416,13.55,14.0,13.85,13.9,1.94M
20120417,14.0,14.4,14.0,13.85,1.02M
20120418,14.2,14.5,14.45,14.0,1.37M
20120419,14.2,14.5,14.25,14.45,338000
20120420,14.2,14.7,14.45,14.25,766600
20120423,14.0,14.5,14.3,14.45,1.22M
20120424,14.0,14.5,14.3,14.45,1.22M
20120425,14.0,14.3,14.2,14.3,723300
20120426,14.1,14.35,14.3,14.2,446800
20120427,14.1,14.3,14.15,14.3,265600
20120430,14.1,14.3,14.25,14.15,646500
20120502,14.1,14.5,14.35,14.25,716900
20120503,14.1,14.5,14.45,14.35,374200
20120504,14.3,14.7,14.6,14.45,749400
20120507,14.3,15.0,14.9,14.6,844100
20120508,14.5,15.1,15.0,14.9,1.35M
20120509,14.75,15.0,14.95,15.0,597800
20120510,14.85,15.5,15.25,14.95,133600
20120511,15.0,16.0,15.4,15.25,1.66M
20120514,14.7,16.0,15.9,15.4,132200
20120515,15.25,16.75,16.35,15.9,551200
20120516,16.05,17.1,16.9,16.35,559200
20120517,17.0,18.0,17.3,16.9,803000
20120518,17.5,18.05,17.95,17.3,708800
20120521,18.0,19.0,18.5,17.95,282100
20120522,18.5,19.5,19.05,18.5,894000
20120523,19.0,19.75,19.35,19.05,861000
20120524,17.5,19.4,19.1,19.35,2.20M
20120525,17.2,17.5,17.2,19.1,287000
20120528,15.5,16.5,15.5,17.2,975100
20120529,15.5,17.05,16.7,15.5,532600
20120530,16.0,17.5,17.1,16.7,436100
20120531,17.0,17.95,17.4,17.1,550400
20120604,17.15,18.5,17.9,17.4,133600
20120605,17.0,19.5,17.7,17.9,283600
20120606,17.0,18.5,17.2,17.7,341600
20120607,16.0,18.5,17.5,17.2,260200
20120608,16.5,18.4,17.2,17.5,118700
20120611,16.5,18.0,17.5,17.2,43100
20120612,16.55,18.0,16.95,17.5,577600
20120613,16.5,17.0,16.6,16.95,72900
20120614,16.25,17.95,17.15,16.6,303100
20120615,16.5,17.3,17.0,17.15,81300
20120618,16.5,17.0,16.95,17.0,7900
20120619,15.5,16.5,15.7,16.95,58000
20120620,16.0,17.0,16.25,15.7,133400
20120621,16.2,16.25,16.2,16.25,58800
20120622,15.5,16.95,16.05,16.2,80200
20120625,16.0,17.0,16.35,16.05,585700
20120626,16.05,16.5,16.1,16.35,33000
20120627,16.0,16.1,16.0,16.1,24800
20120628,15.85,16.1,16.0,16.0,22100
20120629,15.9,16.0,15.9,16.0,24800
20120702,15.7,16.1,15.95,15.9,90800
20120703,15.8,16.25,16.0,15.95,122200
20120704,16.0,16.2,16.05,16.0,134500
20120705,15.8,16.05,15.95,16.05,418000
20120706,15.5,16.05,15.95,15.95,2.14M
20120709,15.75,16.0,15.85,15.95,64800
20120710,15.6,15.9,15.75,15.85,82100
20120711,15.05,16.0,15.6,15.75,499700
20120712,15.1,15.75,15.65,15.6,342400
20120713,15.1,15.75,15.55,15.65,81800
20120716,15.4,15.6,15.5,15.55,57200
20120717,15.0,15.7,15.55,15.5,184400
20120718,15.4,15.75,15.7,15.55,789500
20120719,15.1,15.75,15.6,15.7,88300
20120720,15.5,15.85,15.5,15.6,85200
20120723,15.1,15.6,15.15,15.5,41000
20120724,15.15,15.4,15.3,15.15,248800
20120725,15.3,15.75,15.35,15.3,205400
20120726,15.3,15.4,15.3,15.35,29900
20120727,15.3,15.85,15.3,15.3,33400
20120730,15.3,15.55,15.35,15.3,42200
20120731,15.35,15.4,15.35,15.35,16400
20120801,15.3,15.4,15.3,15.35,251800
20120802,15.3,15.5,15.45,15.3,199000
20120803,15.4,15.6,15.4,15.45,38200
20120806,15.3,15.7,15.65,15.4,1.10M
20120807,15.3,16.0,15.75,15.65,35100
20120808,15.3,15.55,15.3,15.75,134400
20120809,15.1,15.5,15.25,15.3,105300
20120810,15.2,15.45,15.25,15.25,57600
20120813,15.25,15.3,15.25,15.25,54700
20120814,15.0,15.45,15.2,15.25,126700
20120815,15.2,15.3,15.25,15.2,69300
20120816,14.8,15.3,15.25,15.25,96400
20120817,15.05,15.3,15.25,15.25,350000
20120820,15.05,15.3,15.25,15.25,350000
20120821,15.0,15.2,15.05,15.25,16200
20120822,15.1,15.45,15.25,15.05,110700
20120823,15.25,15.5,15.3,15.25,68200
20120824,15.05,15.5,15.2,15.3,43700
20120827,15.2,15.5,15.4,15.2,75400
20120828,15.1,15.4,15.2,15.4,27000
20120829,15.1,15.3,15.2,15.2,22500
20120830,15.15,15.2,15.15,15.2,15900
20120831,15.1,15.3,15.25,15.15,80600
20120903,15.3,16.0,15.65,15.25,84800
20120904,15.5,16.4,16.0,15.65,122100
20120905,16.0,16.5,16.3,16.0,606400
20120906,16.3,17.0,16.8,16.3,109100
20120907,16.0,16.5,16.05,16.8,101200
20120910,16.5,17.5,17.0,16.05,131400
20120911,16.7,17.2,17.05,17.0,90300
20120912,16.8,17.5,17.05,17.05,857000
20120913,17.05,17.5,17.3,17.05,210100
20120914,17.0,17.65,17.5,17.3,338600
20120917,17.0,17.3,17.0,17.5,108600
20120918,16.7,17.0,16.95,17.0,103600
20120919,16.7,17.05,16.95,16.95,143900
20120920,17.0,17.5,17.0,16.95,680100
20120921,17.0,17.05,17.0,17.0,1.12M
20120924,17.0,17.25,17.05,17.0,139400
20120925,17.05,17.55,17.45,17.05,949300
20120926,17.5,18.45,17.85,17.45,134000
20120927,17.3,18.05,17.65,17.85,711800
20120928,17.45,18.2,17.85,17.65,1.06M
20121001,17.85,18.45,17.95,17.85,143700
20121002,17.85,18.5,18.45,17.95,2.88M
20121003,18.0,18.45,18.25,18.45,302400
20121004,18.05,18.35,18.2,18.25,179400
20121005,18.05,18.5,18.25,18.2,315400
20121008,18.1,18.5,18.35,18.25,59200
20121009,18.35,19.15,18.9,18.35,278500
20121010,18.75,20.0,19.8,18.9,688000
20121011,18.5,19.8,19.0,19.8,139700
20121012,18.35,19.8,19.35,19.0,176900
20121015,19.05,20.0,19.65,19.35,142500
20121016,19.0,20.0,19.9,19.65,1.00M
20121017,18.0,19.0,18.25,19.9,2.08M
20121018,18.25,18.9,18.65,18.25,812900
20121019,18.7,18.9,18.8,18.65,1.01M
20121022,18.6,19.15,18.95,18.8,639600
20121023,18.5,19.3,19.2,18.95,588900
20121024,18.35,19.5,19.35,19.2,557600
20121025,18.6,19.5,19.35,19.35,282100
20121026,18.9,19.55,19.45,19.35,542900
20121029,18.65,19.8,19.5,19.45,737900
20121030,18.55,19.8,19.55,19.5,814300
20121031,18.7,19.9,19.65,19.55,703300
20121101,19.05,19.8,19.65,19.65,276900
20121102,19.0,20.0,19.2,19.65,530500
20121105,19.2,20.0,19.9,19.2,391100
20121106,19.05,20.0,19.95,19.9,468800
20121107,19.1,20.0,19.45,19.95,1.15M
20121108,19.5,19.9,19.65,19.45,52000
20121109,19.0,19.8,19.45,19.65,2.13M
20121112,19.1,19.5,19.1,19.45,43200
20121113,19.1,19.75,19.65,19.1,315300
20121114,19.0,19.7,19.65,19.65,2.07M
20121115,19.15,19.6,19.35,19.65,272200
20121116,19.1,19.5,19.15,19.35,26500
20121119,19.05,19.2,19.15,19.15,42400
20121120,19.05,19.6,19.35,19.15,671500
20121121,19.2,19.7,19.6,19.35,1.49M
20121122,19.15,19.65,19.55,19.6,261200
20121123,19.15,19.65,19.55,19.55,3.13M
20121126,19.05,19.25,19.1,19.55,49300
20121127,19.05,19.25,19.1,19.1,97300
20121128,19.05,19.5,19.4,19.1,32300
20121129,19.1,19.55,19.2,19.4,136600
20121130,19.05,19.7,19.5,19.2,1.27M
20121203,19.1,19.5,19.25,19.5,35400
20121204,19.05,19.2,19.15,19.25,46400
20121205,19.05,19.2,19.1,19.15,65400
20121206,19.1,19.3,19.15,19.1,225500
20121207,19.1,19.2,19.15,19.15,85800
20121210,19.05,19.2,19.05,19.15,35300
20121211,19.05,19.3,19.1,19.05,106500
20121213,19.1,19.5,19.15,19.1,391700
20121214,19.1,19.4,19.25,19.15,161800
20121217,19.05,19.6,19.45,19.25,1.02M
20121218,19.1,19.5,19.45,19.45,1.71M
20121219,19.05,19.5,19.3,19.45,881100
20121220,19.15,19.5,19.45,19.3,814300
20121221,19.15,19.5,19.4,19.45,83100
20121224,19.05,19.3,19.15,19.4,28400
20121227,19.05,19.2,19.15,19.15,700
20121228,19.1,19.3,19.15,19.15,2400
20121231,19.05,19.15,19.05,19.15,17100
20130102,19.1,19.25,19.1,19.05,69200
20130103,19.1,19.5,19.45,19.1,2.41M
20130104,19.1,19.5,19.45,19.45,912400
20130107,19.1,19.2,19.1,19.45,20500
20130108,19.05,19.15,19.1,19.1,1.01M
20130109,18.2,19.15,19.05,19.1,1.07M
20130110,19.0,19.2,19.1,19.05,1.92M
20130111,19.0,19.15,19.0,19.1,40200
20130114,19.05,19.15,19.1,19.0,169400
20130115,18.85,19.1,18.95,19.1,26100
20130116,19.0,19.4,19.1,18.95,1.55M
20130117,18.95,19.1,19.05,19.1,2.20M
20130118,19.0,19.2,19.05,19.05,180200
20130121,19.0,19.2,19.05,19.05,346900
20130122,19.1,19.2,19.1,19.05,65700
20130123,19.1,19.15,19.1,19.1,101000
20130124,19.1,19.1,19.1,19.1,127100
20130125,19.1,19.2,19.1,19.1,67300
20130128,19.1,19.1,19.1,19.1,605400
20130129,19.1,19.2,19.1,19.1,36400
20130130,19.1,19.2,19.1,19.1,2.20M
20130131,19.15,19.2,19.15,19.1,792300
20130201,19.0,19.1,19.05,19.15,58300
20130204,19.1,19.1,19.1,19.05,36500
20130205,19.1,19.3,19.15,19.1,104800
20130206,19.15,19.2,19.15,19.15,139800
20130207,19.15,19.7,19.25,19.15,123500
20130208,19.2,19.7,19.3,19.25,146000
20130211,19.1,19.5,19.4,19.3,137100
20130212,19.25,19.4,19.35,19.4,28800
20130213,19.35,19.5,19.35,19.35,42600
20130214,19.3,19.5,19.4,19.35,120700
20130215,19.3,19.9,19.4,19.4,31000
20130218,19.35,19.5,19.45,19.4,319300
20130219,19.35,19.6,19.45,19.45,31000
20130220,19.5,19.7,19.65,19.45,1.08M
20130221,19.45,19.75,19.65,19.65,154900
20130222,19.5,19.75,19.6,19.65,43000
20130225,19.2,19.4,19.35,19.6,9000
20130226,19.0,19.2,19.0,19.35,27700
20130227,19.05,19.5,19.15,19.0,142300
20130228,19.2,19.5,19.3,19.15,44200
20130301,19.2,19.5,19.3,19.3,6200
20130304,19.2,19.5,19.3,19.3,6200
20130305,19.3,19.3,19.3,19.3,12500
20130306,19.1,19.3,19.1,19.3,18600
20130307,19.15,19.3,19.2,19.1,12100
20130308,19.2,19.8,19.65,19.2,81000
20130311,19.3,21.5,20.25,19.65,79200
20130312,20.5,22.25,21.75,20.25,93900
20130313,19.9,22.25,20.5,21.75,280300
20130314,20.0,22.5,21.5,20.5,145700
20130315,21.0,22.5,21.5,21.5,57300
20130318,20.0,22.5,21.25,21.5,42900
20130319,20.0,21.25,20.75,21.25,135700
20130320,19.85,22.25,21.25,20.75,151200
20130321,20.0,22.25,21.5,21.25,104400
20130322,20.0,22.25,21.5,21.5,78100
20130325,20.5,22.25,21.5,21.5,65100
20130326,21.5,22.5,22.0,21.5,28600
20130327,21.25,22.25,21.75,22.0,39100
20130328,21.5,22.5,22.0,21.75,25100
20130402,22.5,24.0,23.25,22.0,146700
20130403,22.5,24.0,22.75,23.25,159000
20130404,21.5,22.75,22.0,22.75,77200
20130405,21.5,22.5,21.75,22.0,33900
20130408,21.5,22.0,21.75,21.75,99200
20130409,21.5,22.0,21.75,21.75,99200
20130410,22.0,22.0,22.0,21.75,45100
20130411,21.75,22.5,21.75,22.0,317600
20130412,21.75,23.0,22.0,21.75,140900
20130415,22.0,24.0,23.0,22.0,66300
20130416,22.0,23.75,22.5,23.0,37400
20130417,22.0,24.0,23.0,22.5,57300
20130418,22.0,24.0,22.75,23.0,112900
20130419,21.5,23.0,22.5,22.75,45700
20130422,21.75,23.0,22.0,22.5,129800
20130423,22.0,22.5,22.25,22.0,139000
20130424,21.5,22.0,21.75,22.25,168500
20130425,19.6,21.5,19.9,21.75,195800
20130426,19.75,21.5,20.5,19.9,35200
20130429,19.75,20.5,19.8,20.5,174300
20130430,19.75,20.0,19.75,19.8,1.04M
20130502,17.8,19.0,18.55,19.75,1.49M
20130503,18.5,20.0,19.75,18.55,129000
20130506,19.1,21.5,20.5,19.75,781500
20130507,20.0,22.5,21.75,20.5,388900
20130508,21.0,23.75,22.0,21.75,5.08M
20130509,21.0,22.25,21.5,22.0,1.93M
20130510,21.0,22.0,21.25,21.5,921900
20130513,20.25,21.0,20.5,21.25,67000
20130514,20.25,21.0,20.5,20.5,53000
20130515,20.25,21.0,20.25,20.5,247700
20130516,20.5,21.0,20.5,20.25,208500
20130517,20.25,21.0,20.5,20.5,211100
20130520,20.0,20.25,20.0,20.5,106500
20130521,20.0,21.0,20.25,20.0,15100
20130522,19.0,20.25,20.0,20.25,58100
20130523,19.1,20.0,19.85,20.0,29000
20130524,19.2,20.0,19.9,19.85,1.43M
20130527,19.0,20.0,19.45,19.9,403900
20130528,19.5,20.25,20.0,19.45,170600
20130529,20.0,20.5,20.0,20.0,757200
20130530,20.25,21.0,20.5,20.0,620500
20130531,20.5,21.0,20.5,20.5,722000
20130603,20.5,21.25,20.75,20.5,23200
20130604,20.75,21.5,21.0,20.75,52700
20130605,21.0,21.5,21.25,21.0,123200
20130606,20.5,21.5,20.75,21.25,294600
20130607,20.5,20.75,20.5,20.75,114500
20130610,20.5,20.75,20.5,20.5,183700
20130611,19.5,20.75,20.0,20.5,116700
20130612,19.6,20.0,19.85,20.0,49800
20130613,19.5,20.0,19.5,19.85,235900
20130614,19.5,20.0,19.5,19.5,145000
20130617,19.0,19.95,19.4,19.5,34500
20130618,18.6,19.7,19.15,19.4,119600
20130619,18.5,19.45,19.0,19.15,145700
20130620,19.0,19.4,19.05,19.0,49900
20130621,19.0,19.4,19.0,19.05,19700
20130624,19.05,20.0,19.6,19.0,111100
20130625,19.5,21.5,20.0,19.6,112600
20130626,19.0,20.75,19.05,20.0,239500
20130627,18.65,19.05,18.9,19.05,31000
20130628,19.0,20.0,19.9,18.9,218500
20130701,19.05,20.0,19.95,19.9,192100
20130702,19.15,19.15,19.15,19.95,700
20130703,19.15,20.0,19.7,19.15,527600
20130704,19.15,20.0,19.95,19.7,1.53M
20130705,19.1,20.0,19.8,19.95,47600
20130708,19.05,20.0,19.9,19.8,2100
20130709,19.0,20.5,20.25,19.9,369700
20130710,19.05,20.5,20.25,20.25,128300
20130711,19.5,20.75,20.25,20.25,25700
20130712,19.2,20.5,20.0,20.25,2.01M
20130715,20.0,20.25,20.0,20.0,17300
20130716,20.0,20.25,20.0,20.0,6400
20130717,20.0,20.5,20.0,20.0,19000
20130718,20.0,20.75,20.25,20.0,614200
20130719,20.0,20.5,20.25,20.25,18900
20130722,20.0,20.25,20.0,20.25,12400
20130723,19.6,20.0,19.75,20.0,27400
20130724,19.05,19.5,19.4,19.75,25000
20130725,19.5,19.8,19.6,19.4,129500
20130726,19.5,19.7,19.6,19.6,57500
20130729,19.5,19.7,19.6,19.6,121900
20130730,19.5,19.65,19.55,19.6,29300
20130731,19.6,19.65,19.6,19.55,9000
20130801,19.55,20.0,19.55,19.6,76600
20130802,19.6,19.6,19.6,19.55,79600
20130805,19.6,19.75,19.65,19.6,97700
20130806,19.7,20.0,19.7,19.65,18100
20130807,19.6,19.9,19.75,19.7,57600
20130808,19.75,19.9,19.8,19.75,23000
20130809,19.75,19.9,19.8,19.75,23000
20130812,19.8,20.0,19.95,19.8,105200
20130813,19.65,20.0,19.65,19.95,9200
20130814,19.65,20.0,19.7,19.65,14300
20130815,19.65,19.7,19.65,19.7,3800
20130816,19.7,20.0,19.7,19.65,109800
20130819,19.65,20.0,19.85,19.7,30100
20130820,19.65,19.8,19.65,19.85,18100
20130821,19.6,20.0,19.9,19.65,231800
20130822,19.65,19.7,19.65,19.9,21000
20130823,19.6,19.7,19.6,19.65,33000
20130826,19.6,19.65,19.6,19.6,26000
20130827,19.6,19.7,19.65,19.6,63500
20130828,19.7,19.9,19.75,19.65,12400
20130829,19.1,20.0,19.95,19.75,1.08M
20130830,19.1,19.2,19.15,19.95,22200
20130902,19.0,19.75,19.7,19.15,81300
20130903,19.0,19.15,19.0,19.7,30700
20130904,19.15,19.5,19.3,19.0,45300
20130905,19.2,19.5,19.4,19.3,128800
20130906,19.4,19.75,19.45,19.4,87100
20130909,19.5,19.6,19.5,19.45,22100
20130910,19.4,19.5,19.45,19.5,33500
20130911,19.4,19.6,19.45,19.45,32700
20130912,19.4,19.65,19.6,19.45,104300
20130913,19.6,19.75,19.65,19.6,54200
20130916,19.6,19.75,19.6,19.65,38400
20130917,19.6,19.75,19.6,19.6,31900
20130918,19.6,19.75,19.65,19.6,38700
20130919,19.6,19.75,19.65,19.65,22200
20130920,19.6,20.0,19.65,19.65,1.16M
20130923,19.7,19.7,19.7,19.65,1800
20130924,19.65,19.7,19.65,19.7,26600
20130925,19.65,20.0,19.65,19.65,1.73M
20130926,19.6,19.6,19.6,19.65,24800
20130927,19.6,20.0,19.75,19.6,20500
20130930,19.6,20.0,19.9,19.75,214600
20131001,19.6,20.0,19.9,19.75,214600
20131002,19.8,21.0,19.95,19.9,6.47M
20131003,19.7,20.5,19.95,19.95,5.52M
20131004,20.0,20.5,20.0,19.95,1.03M
20131007,20.25,21.0,20.75,20.0,92500
20131008,20.5,21.5,21.0,20.75,374800
20131009,21.0,21.75,21.25,21.0,197600
20131010,21.0,22.0,21.75,21.25,108400
20131011,21.25,21.75,21.5,21.75,49500
20131014,20.75,21.75,21.0,21.5,88600
20131015,20.75,23.0,21.5,21.0,1.10M
20131016,21.0,22.5,21.0,21.5,1.29M
20131017,21.0,22.0,21.25,21.0,16000
20131018,21.25,21.75,21.5,21.25,10800
20131022,21.0,21.5,21.0,21.5,69800
20131023,21.0,21.5,21.25,21.0,40500
20131024,21.0,21.75,21.25,21.25,584800
20131025,21.25,21.75,21.5,21.25,1.91M
20131028,21.5,21.5,21.5,21.5,2.00M
20131029,21.5,21.5,21.5,21.5,2.00M
20131030,21.0,21.25,21.0,21.5,114900
20131031,21.0,21.75,21.25,21.0,284100
20131101,21.25,22.0,21.5,21.25,78100
20131104,21.25,22.0,21.5,21.5,452300
20131105,21.25,21.75,21.5,21.5,1.52M
20131106,21.25,22.5,21.5,21.5,75100
20131107,21.25,21.5,21.25,21.5,3.48M
20131108,21.25,22.0,21.5,21.25,16400
20131111,21.25,21.5,21.25,21.5,17500
20131112,20.5,21.25,21.0,21.25,28700
20131113,21.0,21.25,21.0,21.0,21800
20131114,20.5,21.25,20.75,21.0,187300
20131115,20.5,21.0,20.5,20.75,3500
20131118,20.5,21.0,20.5,20.5,9400
20131119,20.25,20.5,20.25,20.5,14300
20131120,20.0,20.5,20.25,20.25,30600
20131121,20.25,21.0,20.75,20.25,3.53M
20131122,20.25,21.0,20.25,20.75,1.77M
20131125,20.0,20.5,20.25,20.25,705200
20131126,18.5,19.0,18.5,20.25,2000
20131127,20.0,20.25,20.0,18.5,46300
20131128,19.55,21.0,20.0,20.0,60400
20131129,20.25,20.25,20.25,20.0,13400
20131202,20.25,20.25,20.25,20.25,20600
20131203,19.7,20.25,19.95,20.25,44100
20131204,19.7,20.0,19.85,19.95,12900
20131205,19.5,20.25,19.9,19.85,9200
20131206,19.5,20.25,19.6,19.9,26900
20131209,19.8,20.0,19.9,19.6,22500
20131210,19.15,20.0,19.95,19.9,23400
20131211,20.0,20.25,20.0,19.95,25800
20131213,20.0,20.25,20.0,19.95,25800
20131216,19.5,20.25,19.9,20.0,23900
20131217,19.1,20.0,19.65,19.9,1.42M
20131218,19.5,20.25,19.55,19.65,20100
20131219,19.1,19.7,19.5,19.55,55800
20131220,20.0,20.0,20.0,19.5,15500
20131223,19.7,20.0,19.7,20.0,96700
20131224,19.6,19.7,19.6,19.7,4400
20131227,19.6,19.6,19.6,19.6,20000
20131230,19.0,19.5,19.0,19.6,98300
20131231,18.5,19.5,19.45,19.0,623200
20140102,19.4,19.5,19.4,19.45,2100
20140103,19.1,20.0,19.45,19.4,67700
20140106,19.4,19.8,19.45,19.45,10500
20140107,19.5,20.0,19.95,19.45,72600
20140108,19.55,20.0,19.95,19.95,537500
20140109,20.0,21.0,20.0,19.95,2.74M
20140110,20.0,21.5,21.0,20.0,112600
20140113,19.15,20.0,19.95,21.0,91400
20140114,19.0,19.75,19.15,19.95,64200
20140115,19.0,19.6,19.05,19.15,40100
20140116,19.0,19.15,19.05,19.05,80800
20140117,19.0,19.05,19.0,19.05,254900
20140120,18.05,19.0,18.6,19.0,10700
20140121,18.9,19.0,18.9,18.6,448900
20140122,18.05,19.0,18.95,18.9,48800
20140123,18.7,18.95,18.85,18.95,47900
20140124,18.7,19.1,19.0,18.85,70900
20140127,18.85,19.5,18.95,19.0,76500
20140128,18.7,18.9,18.75,18.95,93900
20140129,18.0,18.9,18.6,18.75,12300
20140130,17.25,18.75,18.5,18.6,22800
20140131,17.8,18.0,17.95,18.5,44900
20140203,17.85,18.0,17.95,17.95,220200
20140204,17.85,18.25,18.0,17.95,173200
20140205,18.05,18.6,18.2,18.0,72800
20140206,17.85,18.5,18.0,18.2,117900
20140207,17.25,18.0,17.75,18.0,70500
20140210,17.25,18.0,17.95,17.75,171000
20140211,16.2,17.95,17.25,17.95,26300
20140212,17.0,17.5,17.05,17.25,508300
20140213,17.05,18.0,17.75,17.05,33300
20140214,16.0,17.95,17.3,17.75,53200
20140217,17.0,17.7,17.0,17.3,1.12M
20140218,17.5,18.0,17.9,17.0,40800
20140219,17.6,18.5,18.05,17.9,17800
20140220,18.0,19.0,18.4,18.05,6000
20140221,18.05,19.0,18.75,18.4,9500
20140224,18.0,18.8,18.65,18.75,126800
20140225,18.0,18.0,18.0,18.65,16200
20140226,18.0,19.4,18.5,18.0,41000
20140227,18.05,18.5,18.2,18.5,6000
20140228,18.0,18.5,18.05,18.2,44900
20140303,17.0,18.05,17.95,18.05,12600
20140304,16.7,17.25,16.95,17.95,14700
20140305,16.0,16.5,16.3,16.95,17500
20140306,16.05,16.9,16.35,16.3,25600
20140307,16.2,16.9,16.4,16.35,12300
20140310,16.05,16.5,16.3,16.4,66200
20140311,15.5,16.4,15.95,16.3,35900
20140312,15.6,16.05,16.0,15.95,153400
20140313,15.05,15.95,15.85,16.0,92500
20140314,15.25,15.8,15.45,15.85,482400
20140317,15.55,15.55,15.55,15.45,61000
20140318,15.2,15.5,15.3,15.55,63300
20140319,14.5,15.3,15.0,15.3,141000
20140320,14.05,15.0,14.65,15.0,16300
20140321,14.65,14.95,14.75,14.65,116100
20140324,14.05,15.0,14.5,14.75,56400
20140325,14.3,14.6,14.55,14.5,42600
20140326,14.3,14.55,14.4,14.55,506300
20140327,13.5,14.95,14.5,14.4,53000
20140328,14.2,14.9,14.65,14.5,36100
20140331,14.5,14.85,14.55,14.65,17200
20140401,14.5,14.85,14.55,14.55,44100
20140402,14.55,14.65,14.6,14.55,68600
20140403,14.5,14.65,14.55,14.6,27100
20140404,14.55,14.65,14.6,14.55,10500
20140407,14.5,14.65,14.6,14.6,85900
20140408,14.5,14.6,14.55,14.6,40100
20140409,14.5,14.6,14.5,14.55,82300
20140410,14.15,14.5,14.45,14.5,62900
20140411,14.0,15.6,14.5,14.45,168300
20140414,14.3,14.5,14.45,14.5,116800
20140415,14.3,14.85,14.3,14.45,76100
20140416,14.35,14.65,14.55,14.3,49600
20140417,14.5,14.65,14.6,14.55,71900
20140422,14.35,14.6,14.55,14.6,285700
20140423,14.0,14.5,14.3,14.55,298600
20140424,14.5,14.5,14.5,14.3,10400
20140425,14.1,14.5,14.4,14.5,136000
20140428,14.2,14.5,14.3,14.4,26800
20140429,14.3,14.4,14.35,14.3,123500
20140430,14.2,14.3,14.2,14.35,7200
20140502,14.15,14.3,14.2,14.2,20400
20140505,14.2,14.5,14.25,14.2,28300
20140506,14.1,14.5,14.25,14.25,153500
20140507,14.2,14.25,14.2,14.25,17500
20140508,14.1,14.25,14.15,14.2,45400
20140509,14.2,14.25,14.2,14.15,3100
20140512,14.0,14.2,14.0,14.2,118300
20140513,13.55,14.25,13.65,14.0,65900
20140514,13.1,13.9,13.35,13.65,46900
20140515,13.05,13.5,13.15,13.35,147900
20140516,13.35,13.5,13.35,13.15,20500
20140519,13.3,13.5,13.3,13.35,29300
20140520,13.5,13.65,13.6,13.3,68100
20140521,13.1,13.6,13.35,13.6,60900
20140522,13.15,13.5,13.25,13.35,82900
20140523,13.0,13.15,13.05,13.25,46200
20140526,13.0,13.1,13.0,13.05,17900
20140527,12.5,13.1,13.0,13.0,32300
20140528,12.9,13.0,12.95,13.0,118000
20140529,12.5,13.1,12.95,12.95,74800
20140530,12.8,13.0,12.8,12.95,4300
20140603,12.5,12.95,12.75,12.8,274100
20140604,12.5,12.95,12.65,12.75,18400
20140605,12.35,12.5,12.45,12.65,554800
20140606,12.4,12.6,12.55,12.45,80200
20140609,12.55,12.8,12.65,12.55,1.75M
20140610,12.7,13.15,13.05,12.65,285500
20140611,12.7,13.4,13.0,13.05,64500
20140612,12.7,13.35,13.25,13.0,214100
20140613,13.2,13.4,13.3,13.25,45000
20140616,13.15,13.25,13.2,13.3,12500
20140617,13.0,13.15,13.0,13.2,9700
20140618,13.0,13.2,13.05,13.0,9600
20140619,13.0,13.15,13.05,13.05,3300
20140620,12.9,13.1,13.05,13.05,109600
20140623,12.9,13.15,13.0,13.05,2.14M
20140624,12.9,13.0,12.9,13.0,3600
20140625,11.65,12.9,12.25,12.9,146700
20140626,12.25,12.9,12.25,12.25,1.77M
20140627,12.25,12.8,12.35,12.25,16200
20140630,12.25,12.75,12.3,12.35,15300
20140701,12.25,12.5,12.3,12.3,817800
20140702,12.2,12.3,12.25,12.3,3.17M
20140703,12.2,12.45,12.3,12.25,17100
20140704,12.2,12.5,12.25,12.3,87500
20140707,12.3,12.5,12.3,12.25,11600
20140708,12.45,13.0,12.65,12.3,95300
20140709,12.5,13.25,12.65,12.65,140600
20140710,12.3,12.75,12.45,12.65,189500
20140711,12.5,12.5,12.5,12.45,4100
20140714,12.3,12.45,12.35,12.5,29300
20140715,12.0,12.5,12.0,12.35,401900
20140716,11.65,12.5,11.95,12.0,289600
20140717,11.7,12.0,11.95,11.95,54100
20140718,11.6,12.0,11.9,11.95,91600
20140721,11.65,12.2,11.95,11.9,475300
20140722,12.0,12.4,12.0,11.95,568100
20140723,11.5,12.35,11.95,12.0,427300
20140724,11.7,12.2,12.05,11.95,28800
20140725,11.0,12.0,11.2,12.05,125800
20140728,11.0,11.65,11.1,11.2,249700
20140729,11.0,11.65,11.1,11.2,249700
20140730,11.1,12.15,11.45,11.1,132100
20140731,12.1,12.4,12.1,11.45,24100
20140801,12.1,12.45,12.1,12.1,446600
20140804,12.15,12.5,12.45,12.1,35600
20140805,12.15,12.5,12.45,12.45,60300
20140806,12.5,12.6,12.5,12.45,1.22M
20140807,12.5,12.95,12.5,12.5,1.14M
20140808,12.5,13.2,12.55,12.5,32100
20140811,12.6,12.95,12.6,12.55,35100
20140812,12.7,13.0,12.9,12.6,82100
20140813,12.6,13.8,13.0,12.9,290900
20140814,12.8,13.8,13.0,13.0,84700
20140815,12.9,13.0,12.95,13.0,13300
20140818,12.85,13.0,12.95,12.95,34700
20140819,12.85,13.0,12.95,12.95,23800
20140820,12.8,12.9,12.8,12.95,134500
20140821,12.5,12.85,12.75,12.8,154900
20140822,12.45,12.6,12.5,12.75,204600
20140825,12.1,12.5,12.3,12.5,28300
20140826,12.1,12.6,12.55,12.3,27300
20140827,12.1,12.5,12.45,12.55,2700
20140828,12.2,12.55,12.4,12.45,2.08M
20140829,12.4,12.5,12.45,12.4,11900
20140901,12.1,12.4,12.25,12.45,10300
20140902,11.8,12.15,11.85,12.25,48000
20140903,11.3,12.0,11.85,11.85,15600
20140904,11.25,12.0,11.45,11.85,50300
20140905,11.85,11.95,11.9,11.45,23000
20140908,11.85,12.1,11.9,11.9,158900
20140909,11.5,12.1,11.75,11.9,37300
20140910,10.6,11.85,11.5,11.75,115600
20140911,10.8,11.8,11.25,11.5,128800
20140912,10.2,11.25,10.55,11.25,29800
20140915,11.0,11.35,11.1,10.55,60700
20140916,11.0,11.9,11.15,11.1,46500
20140917,11.45,11.85,11.55,11.15,13900
20140918,11.45,11.85,11.5,11.55,44100
20140919,11.0,11.8,11.4,11.5,243300
20140922,11.15,11.5,11.25,11.4,136800
20140923,10.5,11.15,10.8,11.25,44700
20140924,10.25,11.0,10.65,10.8,79300
20140925,10.2,10.5,10.35,10.65,51300
20140926,10.0,11.0,10.4,10.35,65200
20140929,10.0,10.5,10.0,10.4,131300
20140930,10.0,10.6,10.4,10.0,1.09M
20141001,10.2,10.4,10.35,10.4,43800
20141002,10.05,10.85,10.35,10.35,89200
20141003,10.45,10.7,10.6,10.35,89300
20141006,10.5,10.9,10.6,10.6,135200
20141007,10.0,10.7,10.25,10.6,292500
20141008,9.6,10.95,10.3,10.25,19300
20141009,10.0,10.45,10.05,10.3,44400
20141010,9.8,10.0,9.95,10.05,132500
20141013,9.85,10.8,10.15,9.95,113800
20141014,9.85,10.05,9.9,10.15,42300
20141015,9.75,9.9,9.85,9.9,76500
20141016,9.85,10.2,9.9,9.85,54100
20141017,9.9,10.7,10.25,9.9,49600
20141021,9.7,10.0,9.8,10.25,106300
20141022,9.4,9.85,9.75,9.8,1.20M
20141023,9.4,9.85,9.65,9.75,18300
20141024,9.0,9.7,9.4,9.65,25500
20141027,9.45,9.6,9.5,9.4,27600
20141028,9.2,9.8,9.3,9.5,49800
20141029,8.7,9.3,8.9,9.3,225000
20141030,8.8,9.0,8.85,8.9,29000
20141031,8.5,9.0,8.5,8.85,118700
20141103,8.0,8.75,8.0,8.5,6.59M
20141104,8.0,8.5,8.0,8.0,11.92M
20141105,8.25,8.75,8.5,8.0,35600
20141106,8.0,8.5,8.0,8.5,2.39M
20141107,8.0,8.3,8.0,8.0,2.32M
20141110,8.0,8.25,8.05,8.0,217100
20141111,8.0,8.5,8.2,8.05,192100
20141112,8.0,8.5,8.2,8.2,1.29M
20141113,8.2,8.9,8.4,8.2,3.13M
20141114,9.0,9.2,9.15,8.4,155300
20141117,9.0,9.8,9.4,9.15,48500
20141118,9.2,9.8,9.4,9.4,172900
20141119,9.4,9.6,9.5,9.4,133200
20141120,9.6,9.8,9.7,9.5,58600
20141121,9.5,9.8,9.55,9.7,36800
20141124,9.3,9.7,9.35,9.55,25500
20141125,9.0,9.5,9.1,9.35,62300
20141126,9.0,9.4,9.15,9.1,123100
20141127,8.9,9.2,9.0,9.15,229800
20141128,9.0,9.35,9.1,9.0,43100
20141201,9.25,9.35,9.3,9.1,29100
20141202,9.1,9.3,9.2,9.3,65300
20141203,9.0,9.25,9.0,9.2,237100
20141204,9.05,9.25,9.1,9.0,1.75M
20141205,9.2,9.35,9.2,9.1,68700
20141208,9.2,9.7,9.35,9.2,181200
20141209,9.2,9.65,9.3,9.35,37700
20141210,9.5,9.6,9.5,9.3,67400
20141211,9.0,9.7,9.35,9.5,57600
20141215,9.1,9.65,9.45,9.35,445400
20141216,9.2,9.6,9.3,9.45,59000
20141217,9.5,10.0,9.95,9.3,583500
20141218,9.3,9.95,9.45,9.95,519400
20141219,9.5,10.0,9.5,9.45,6.10M
20141222,9.6,9.9,9.75,9.5,45100
20141223,9.75,10.0,9.85,9.75,45700
20141224,9.8,10.4,9.95,9.85,89600
20141229,9.85,10.2,9.95,9.95,4600
20141230,10.2,10.9,10.45,9.95,69800
20141231,10.0,10.8,10.05,10.45,202400
20150102,10.25,10.9,10.45,10.05,16600
20150105,10.2,10.6,10.2,10.45,104300
20150106,10.2,10.8,10.25,10.2,83800
20150107,10.2,10.8,10.3,10.25,163700
20150108,10.3,10.7,10.6,10.3,26600
20150109,10.35,10.7,10.5,10.6,53900
20150112,10.5,10.7,10.5,10.5,152200
20150113,10.5,10.6,10.5,10.5,85200
20150114,10.5,10.8,10.7,10.5,102200
20150115,10.7,11.25,10.8,10.7,258400
20150116,10.9,11.85,11.7,10.8,77900
20150119,11.85,12.85,12.75,11.7,159100
20150120,12.7,14.0,12.95,12.75,238500
20150121,12.7,14.0,12.85,12.95,120100
20150122,12.3,13.0,12.75,12.85,73000
20150123,12.55,12.85,12.6,12.75,198400
20150126,12.8,13.0,12.85,12.6,78400
20150127,12.65,12.9,12.7,12.85,30400
20150128,12.75,13.0,12.95,12.7,5.25M
20150129,12.55,12.8,12.65,12.95,46600
20150130,12.5,12.8,12.65,12.65,118400
20150202,12.5,12.8,12.6,12.65,20200
20150203,12.4,12.95,12.55,12.6,122100
20150204,12.4,12.8,12.55,12.55,132000
20150205,12.1,12.75,12.45,12.55,170000
20150206,12.0,12.5,12.25,12.45,1200
20150209,11.85,12.5,12.15,12.25,8800
20150210,11.85,12.15,12.0,12.15,10400
20150211,11.5,12.15,11.7,12.0,6700
20150212,11.55,11.7,11.6,11.7,13000
20150213,11.5,11.65,11.55,11.6,31800
20150216,10.5,11.65,11.5,11.55,27900
20150217,10.65,11.6,10.95,11.5,39900
20150218,10.55,11.45,11.0,10.95,37500
20150219,10.5,11.1,11.0,11.0,92800
20150220,10.5,11.0,10.5,11.0,154200
20150223,10.0,10.7,10.6,10.5,230200
20150224,10.0,11.0,10.95,10.6,2.16M
20150225,10.05,11.0,10.55,10.95,27300
20150226,10.0,11.0,10.05,10.55,352700
20150227,10.2,11.0,10.95,10.05,1.39M
20150302,10.0,11.0,10.15,10.95,86500
20150303,10.5,11.0,10.95,10.15,1.61M
20150304,10.9,11.0,10.9,10.95,61800
20150305,10.5,11.0,10.6,10.9,50400
20150306,10.7,10.95,10.9,10.6,2500
20150309,10.8,11.0,10.9,10.9,204700
20150310,10.5,11.0,10.85,10.9,20200
20150311,10.4,10.7,10.4,10.85,7700
20150312,10.05,10.5,10.25,10.4,5900
20150313,9.65,10.3,9.75,10.25,56100
20150316,10.0,10.7,10.35,9.75,38700
20150317,10.25,10.8,10.65,10.35,25500
20150318,10.5,10.75,10.5,10.65,42000
20150319,10.25,10.55,10.5,10.5,228500
20150320,10.05,10.05,10.05,10.5,10100
20150323,9.05,11.0,10.65,10.05,596700
20150324,10.6,11.0,10.95,10.65,463800
20150325,10.8,11.0,10.8,10.95,14100
20150326,10.5,10.95,10.75,10.8,31600
20150327,10.8,10.95,10.85,10.75,16000
20150330,10.5,10.9,10.7,10.85,36600
20150331,10.5,11.0,10.75,10.7,38100
20150401,10.0,10.5,10.1,10.75,6900
20150402,10.05,10.95,10.5,10.1,26800
20150407,10.0,10.6,10.5,10.5,31400
20150408,10.25,10.9,10.35,10.5,91200
20150409,10.0,10.85,10.35,10.35,35800
20150410,10.05,10.85,10.5,10.35,65000
20150413,10.2,10.85,10.45,10.5,113700
20150414,10.05,10.5,10.45,10.45,206300
20150415,10.05,10.95,10.4,10.45,40100
20150416,10.2,10.55,10.4,10.4,11000
20150417,10.05,10.5,10.35,10.4,14100
20150420,10.35,10.35,10.35,10.35,900
20150421,10.35,10.6,10.5,10.35,555700
20150422,10.1,10.5,10.15,10.5,22200
20150423,10.25,10.9,10.5,10.15,532300
20150424,10.25,10.9,10.5,10.5,520300
20150427,10.5,11.0,10.65,10.5,27200
20150428,10.0,10.95,10.2,10.65,759100
20150429,10.1,10.95,10.45,10.2,6900
20150430,10.1,10.15,10.1,10.45,21900
20150504,10.15,10.4,10.35,10.1,51400
20150505,10.15,10.4,10.3,10.35,4.18M
20150506,10.2,10.5,10.25,10.3,130600
20150507,10.3,11.0,10.7,10.25,1.12M
20150508,10.5,11.1,10.75,10.7,4.01M
20150511,10.15,11.0,10.9,10.75,619000
20150512,10.5,11.3,10.55,10.9,71600
20150513,10.5,11.0,10.55,10.55,117800
20150514,10.55,11.5,11.0,10.55,889500
20150515,10.55,11.45,11.0,11.0,136100
20150518,10.7,11.2,10.75,11.0,38000
20150519,10.7,10.9,10.7,10.75,7900
20150520,10.7,10.75,10.7,10.7,2.02M
20150521,10.55,11.0,10.7,10.7,99300
20150522,10.7,10.75,10.7,10.7,40900
20150525,10.7,10.8,10.7,10.7,65600
20150526,10.7,11.0,10.75,10.7,21700
20150527,10.7,10.8,10.7,10.75,8900
20150528,10.55,10.75,10.65,10.7,17400
20150529,10.7,11.05,10.75,10.65,100200
20150602,10.8,10.8,10.8,10.75,11900
20150603,10.8,11.0,10.85,10.8,40200
20150604,10.55,10.75,10.6,10.85,2000
20150605,10.55,10.55,10.55,10.6,2800
20150608,10.55,10.7,10.55,10.55,22500
20150609,10.25,10.85,10.55,10.55,61400
20150610,10.4,10.95,10.65,10.55,64900
20150611,10.0,10.8,10.6,10.65,3.49M
20150612,10.3,10.5,10.4,10.6,524300
20150615,9.4,10.3,9.75,10.4,120600
20150616,8.8,9.5,8.95,9.75,228500
20150617,8.8,9.5,9.2,8.95,76600
20150618,8.6,9.0,8.85,9.2,69400
20150619,8.6,8.95,8.6,8.85,162300
20150622,8.65,9.2,8.75,8.6,138800
20150623,9.0,9.2,9.1,8.75,20900
20150624,9.0,9.2,9.0,9.1,19700
20150625,8.8,9.0,8.95,9.0,517100
20150626,8.75,9.2,8.95,8.95,4900
20150629,8.95,9.0,8.95,8.95,2700
20150630,8.95,9.0,8.95,8.95,8900
20150701,8.4,9.2,8.85,8.95,42800
20150702,8.5,9.0,8.75,8.85,143900
20150703,8.05,9.0,8.25,8.75,14500
20150706,8.2,8.85,8.5,8.25,6800
20150707,8.2,8.5,8.45,8.5,28200
20150708,8.5,8.65,8.55,8.45,16600
20150709,8.5,8.6,8.5,8.55,19900
20150710,8.5,8.6,8.5,8.55,19900
20150713,8.2,9.5,8.85,8.5,32900
20150714,8.2,8.5,8.45,8.85,4.01M
20150715,8.0,8.2,8.15,8.45,7100
20150716,8.0,8.0,8.0,8.15,23100
20150717,8.0,8.2,8.0,8.0,2600
20150720,8.0,8.2,8.0,8.0,62300
20150721,7.2,7.8,7.35,8.0,14200
20150722,6.7,7.0,6.75,7.35,5900
20150723,6.7,6.75,6.7,6.75,25700
20150724,6.75,6.8,6.75,6.7,14400
20150727,6.75,7.4,6.95,6.75,30400
20150728,6.7,7.55,6.85,6.95,31000
20150729,6.75,7.0,6.8,6.85,30500
20150730,6.7,7.45,7.3,6.8,76700
20150731,6.65,7.4,7.25,7.3,23700
20150803,6.6,7.2,6.7,7.25,7100
20150804,6.5,7.0,6.7,6.7,4800
20150805,6.5,6.6,6.55,6.7,1900
20150806,6.5,6.95,6.55,6.55,12500
20150807,6.4,6.95,6.5,6.55,280800
20150810,6.5,6.85,6.65,6.5,1000
20150811,6.5,6.9,6.6,6.65,132100
20150812,6.5,6.9,6.7,6.6,18400
20150813,6.9,7.2,7.0,6.7,280700
20150814,7.0,7.05,7.0,7.0,5100
20150817,7.0,7.2,7.0,7.0,5200
20150818,7.0,7.5,7.35,7.0,11100
20150819,7.0,8.0,7.4,7.35,53400
20150820,7.4,7.5,7.45,7.4,2000
20150821,7.5,7.8,7.5,7.45,10800
20150824,7.45,7.8,7.45,7.5,12000
20150825,7.45,7.5,7.45,7.45,5900
20150826,7.5,8.0,7.75,7.45,54200
20150827,7.75,8.4,8.0,7.75,27200
20150828,7.8,8.75,8.15,8.0,16300
20150831,8.25,8.6,8.5,8.15,15900
20150901,8.4,9.0,8.5,8.5,50200
20150902,8.5,8.6,8.55,8.5,26200
20150903,8.6,9.45,8.65,8.55,130800
20150904,9.0,9.5,9.35,8.65,45500
20150907,9.4,10.2,9.9,9.35,25900
20150908,9.55,10.0,9.65,9.9,18900
20150909,9.5,9.9,9.5,9.65,45000
20150910,9.0,10.0,9.5,9.5,314800
20150911,8.6,9.65,8.95,9.5,11100
20150914,8.6,9.6,8.95,8.95,17800
20150915,9.5,9.8,9.5,8.95,257100
20150916,9.8,10.1,9.95,9.5,99500
20150917,9.95,10.3,10.0,9.95,20100
20150918,9.95,10.0,9.95,10.0,122300
20150921,10.0,10.25,10.05,9.95,70600
20150922,9.9,10.6,10.4,10.05,18800
20150923,10.0,10.5,10.15,10.4,23200
20150924,10.05,10.4,10.1,10.15,37600
20150925,10.0,10.2,10.0,10.1,57100
20150928,10.1,10.1,10.1,10.0,600
20150929,10.1,10.5,10.4,10.1,32200
20150930,10.05,10.15,10.05,10.4,124800
20151001,10.0,10.1,10.0,10.05,108700
20151002,9.15,10.0,9.6,10.0,77100
20151005,9.1,10.0,9.95,9.6,652500
20151006,9.1,10.0,9.95,9.6,652500
20151007,10.0,10.2,10.05,9.95,557400
20151008,10.0,10.05,10.0,10.05,25200
20151009,10.0,10.2,10.0,10.0,64500
20151012,10.0,10.2,10.0,10.0,14700
20151013,10.0,10.2,10.0,10.0,65100
20151014,10.0,10.0,10.0,10.0,314400
20151015,9.5,10.0,9.95,10.0,175700
20151016,9.0,10.0,9.45,9.95,19700
20151019,9.05,9.1,9.05,9.45,14700
20151021,9.0,9.7,9.3,9.05,36900
20151022,9.3,9.95,9.3,9.3,28300
20151023,9.05,9.5,9.4,9.3,38900
20151026,9.0,9.0,9.0,9.4,3200
20151027,9.1,9.85,9.4,9.0,307400
20151028,9.0,9.3,9.25,9.4,5200
20151029,9.0,9.3,9.2,9.25,25400
20151030,9.0,9.5,9.2,9.2,13600
20151102,8.4,9.0,8.9,9.2,30500
20151103,8.45,8.8,8.75,8.9,26000
20151104,8.4,8.5,8.4,8.75,10700
20151105,8.0,8.45,8.25,8.4,1400
20151106,8.05,8.9,8.55,8.25,16100
20151109,7.7,9.2,7.95,8.55,232500
20151110,8.0,8.05,8.0,7.95,241400
20151111,8.0,8.45,8.25,8.0,5400
20151112,8.0,8.45,8.05,8.25,111700
20151113,8.05,8.2,8.15,8.05,16600
20151116,8.2,8.45,8.3,8.15,6900
20151117,8.0,8.35,8.1,8.3,60800
20151118,8.1,8.25,8.1,8.1,11700
20151119,8.1,8.25,8.2,8.1,3900
20151120,8.0,8.1,8.05,8.2,5500
20151123,8.1,8.45,8.35,8.05,2300
20151124,8.1,8.5,8.4,8.35,25400
20151125,8.0,8.5,8.45,8.4,7000
20151126,8.0,8.5,8.45,8.4,7000
20151127,7.8,8.4,8.05,8.45,4300
20151130,7.25,8.0,7.85,8.05,254800
20151201,7.25,7.3,7.25,7.85,6800
20151202,7.85,7.9,7.85,7.25,57600
20151203,7.25,8.05,7.95,7.85,165800
20151204,8.0,8.0,8.0,7.95,27100
20151207,7.5,8.05,7.9,8.0,9200
20151208,7.2,8.3,8.0,7.9,126600
20151209,8.0,8.5,8.05,8.0,229900
20151210,8.0,8.7,8.1,8.05,80300
20151211,8.0,8.75,8.0,8.1,1.36M
20151214,8.1,8.85,8.35,8.0,14700
20151215,8.5,9.0,8.8,8.35,31900
20151216,8.5,9.0,8.75,8.8,21000
20151217,8.5,9.0,8.8,8.75,41000
20151218,8.6,8.85,8.65,8.8,83000
20151221,8.3,8.5,8.45,8.65,7200
20151222,8.3,9.0,8.9,8.45,80100
20151223,8.9,9.5,9.15,8.9,143100
20151224,9.4,10.0,9.45,9.15,60000
20151228,9.6,10.0,9.6,9.45,18000
20151229,9.95,10.5,10.15,9.6,87600
20151230,10.0,11.0,10.3,10.15,160700
20151231,10.95,11.0,10.95,10.3,13000
20160104,10.1,11.0,10.65,10.95,108500
20160105,9.75,10.5,9.9,10.65,72100
20160106,10.0,10.0,10.0,9.9,100
20160107,9.5,10.0,9.65,10.0,19900
20160108,9.5,10.0,9.5,9.65,12700
20160111,9.5,9.6,9.55,9.5,5300
20160112,9.5,10.5,10.05,9.55,25100
20160113,9.1,9.5,9.1,10.05,19000
20160114,9.0,9.9,9.05,9.1,87500
20160115,8.5,9.9,9.0,9.05,5.00M
20160118,8.5,9.0,8.6,9.0,17600
20160119,8.15,8.65,8.4,8.6,11900
20160120,8.2,8.5,8.25,8.4,4000
20160121,8.0,8.35,8.1,8.25,6800
20160122,7.55,8.1,8.0,8.1,10600
20160125,7.55,8.1,7.6,8.0,19600
20160126,7.5,8.0,7.5,7.6,15500
20160127,6.8,7.5,7.3,7.5,24900
20160128,7.3,7.5,7.3,7.3,5500
20160129,7.3,7.7,7.55,7.3,4100
20160201,7.3,7.7,7.55,7.3,4100
20160202,7.4,7.65,7.45,7.55,8500
20160203,7.4,7.5,7.4,7.45,78800
20160204,7.3,7.9,7.45,7.4,33900
20160205,7.3,8.0,7.55,7.45,8000
20160208,6.8,8.0,7.3,7.55,16000
20160209,7.0,8.0,7.35,7.3,11300
20160210,6.8,7.3,7.0,7.35,15600
20160211,6.8,7.7,7.15,7.0,33900
20160212,6.95,7.3,7.15,7.15,22200
20160215,7.1,7.25,7.2,7.15,3200
20160216,6.8,7.1,6.9,7.2,4500
20160217,7.0,7.0,7.0,6.9,7000
20160218,7.0,7.1,7.05,7.0,900
20160219,7.0,7.15,7.0,7.05,54200
20160222,6.9,7.0,6.9,7.0,6900
20160223,6.5,7.0,6.65,6.9,52200
20160224,6.5,6.8,6.7,6.65,11000
20160225,6.7,6.7,6.7,6.7,-
20160226,6.4,6.5,6.45,6.7,21700
20160229,6.2,6.4,6.3,6.45,60100
20160301,6.2,6.8,6.3,6.3,47700
20160302,6.0,6.5,6.1,6.3,24100
20160303,6.0,6.45,6.3,6.1,98500
20160304,5.95,6.6,6.35,6.3,41000
20160307,5.8,6.5,5.8,6.35,106100
20160308,5.25,6.0,5.55,5.8,174900
20160309,5.2,5.25,5.2,5.55,23900
20160310,5.2,5.5,5.2,5.2,3300
20160311,5.35,5.5,5.45,5.2,44100
20160314,5.7,5.7,5.7,5.45,2500
20160315,5.5,5.5,5.5,5.7,12700
20160316,5.2,5.5,5.25,5.5,43700
20160317,5.4,5.7,5.5,5.25,8400
20160318,5.0,5.4,5.2,5.5,5400
20160321,5.2,5.5,5.3,5.2,15000
20160322,5.3,5.5,5.3,5.3,4300
20160323,5.2,5.5,5.3,5.3,22500
20160324,5.1,5.45,5.25,5.3,44200
20160329,5.0,5.35,5.1,5.25,55600
20160330,5.1,5.3,5.1,5.1,66700
20160331,5.1,5.1,5.1,5.1,11800
20160401,5.1,5.1,5.1,5.1,9700
20160404,5.1,5.3,5.1,5.1,47100
20160405,5.0,5.3,5.25,5.1,10400
20160406,5.1,5.3,5.15,5.25,25600
20160407,4.8,5.15,4.95,5.15,62900
20160408,5.0,5.2,5.15,4.95,17700
20160411,5.0,5.25,5.15,5.15,12500
20160412,5.2,5.2,5.2,5.15,2300
20160413,4.7,5.2,4.95,5.2,1.00M
20160414,4.5,5.0,4.8,4.95,5000
20160415,4.5,5.15,5.0,4.8,162900
20160418,4.5,5.0,4.5,5.0,30300
20160419,4.4,4.95,4.5,4.5,25400
20160420,4.5,4.5,4.5,4.5,1100
20160421,4.5,4.8,4.6,4.5,600
20160422,4.5,4.55,4.5,4.6,47700
20160425,4.2,4.6,4.45,4.5,32500
20160426,4.3,4.4,4.3,4.45,4700
20160427,4.05,4.25,4.15,4.3,49000
20160428,4.0,4.05,4.0,4.15,11300
20160429,4.0,4.4,4.0,4.0,15700
20160503,3.9,4.05,4.0,4.0,2600
20160504,3.75,4.1,4.0,4.0,57400
20160505,4.0,4.0,4.0,4.0,100
20160506,3.7,4.0,3.75,4.0,44500
20160509,3.7,3.8,3.75,3.75,30500
20160510,3.4,3.8,3.65,3.75,62200
20160511,3.75,4.0,3.9,3.65,49200
20160512,3.9,3.95,3.9,3.9,1300
20160513,3.6,4.0,3.75,3.9,1400
20160516,3.6,4.0,3.9,3.75,52500
20160517,3.6,3.7,3.65,3.9,551200
20160518,3.4,3.7,3.5,3.65,184900
20160519,3.45,3.8,3.45,3.5,43700
20160520,3.75,3.75,3.75,3.45,5400
20160523,3.65,4.1,3.75,3.75,739400
20160524,3.9,4.0,3.95,3.75,82100
20160525,3.9,4.0,3.9,3.95,7200
20160526,3.8,3.9,3.85,3.9,13900
20160527,3.9,3.9,3.9,3.85,3200
20160530,3.65,4.0,3.7,3.9,10700
20160531,3.75,4.0,3.9,3.7,19000
20160602,3.8,4.0,3.8,3.9,7800
20160603,3.7,3.8,3.75,3.8,20000
20160606,3.65,3.8,3.65,3.75,36800
20160607,3.65,3.8,3.75,3.65,35800
20160608,3.8,3.8,3.8,3.75,1000
20160609,3.5,3.8,3.65,3.8,23700
20160610,3.5,3.85,3.55,3.65,14700
20160613,3.65,3.75,3.7,3.55,4500
20160614,3.5,3.7,3.5,3.7,17000
20160615,3.2,3.55,3.35,3.5,15400
20160616,3.05,3.5,3.1,3.35,41700
20160617,3.05,3.1,3.05,3.1,15800
20160620,2.9,3.0,2.95,3.05,7300
20160621,2.7,3.1,2.95,2.95,63600
20160622,2.7,3.0,2.85,2.95,34000
20160623,2.7,3.05,2.85,2.85,69700
20160624,3.0,3.0,3.0,2.85,4300
20160627,2.9,3.0,2.9,3.0,59400
20160628,2.8,2.95,2.8,2.9,30000
20160629,2.8,2.95,2.8,2.8,53100
20160630,2.9,3.0,2.9,2.8,3300
20160701,2.95,3.0,2.95,2.9,20200
20160704,3.0,3.0,3.0,2.95,400
20160705,3.0,3.05,3.0,3.0,11300
20160706,2.9,3.05,2.95,3.0,13700
20160707,2.9,3.05,2.95,3.0,13700
20160708,2.8,3.1,2.8,2.95,3600
20160711,2.75,3.0,2.8,2.8,8100
20160712,2.9,3.0,2.9,2.8,10200
20160713,2.8,2.8,2.8,2.9,10300
20160714,2.75,2.95,2.75,2.8,43700
20160715,2.8,2.95,2.8,2.75,9500
20160718,2.8,3.0,2.85,2.8,5300
20160719,2.95,3.1,3.05,2.85,32900
20160720,2.9,3.05,3.0,3.05,19800
20160721,2.9,3.0,2.95,3.0,6400
20160722,3.0,3.05,3.0,2.95,32000
20160725,3.0,3.1,3.0,3.0,1700
20160726,3.0,3.1,3.05,3.0,16800
20160727,3.0,3.05,3.0,3.05,8800
20160728,2.95,3.0,2.95,3.0,1700
20160729,2.9,2.95,2.9,2.95,1100
20160801,2.8,3.0,2.95,2.9,6400
20160802,2.85,3.2,3.0,2.95,278200
20160803,3.1,3.3,3.25,3.0,93700
20160804,3.3,3.55,3.45,3.25,84900
20160805,3.5,3.75,3.7,3.45,109400
20160808,3.7,4.05,3.7,3.7,1.31M
20160809,3.8,4.05,3.85,3.7,58200
20160810,3.7,4.05,3.8,3.85,28600
20160811,3.9,4.2,4.0,3.8,42200
20160812,3.95,4.2,4.0,4.0,161900
20160815,4.0,4.4,4.05,4.0,28700
20160816,3.9,4.2,4.0,4.05,299400
20160817,3.8,4.0,3.85,4.0,127000
20160818,3.85,4.0,3.9,3.85,18100
20160819,3.7,4.0,3.7,3.9,28600
20160822,3.5,3.95,3.9,3.7,113300
20160823,3.6,3.9,3.65,3.9,26300
20160824,3.8,3.8,3.8,3.65,3500
20160825,3.5,3.8,3.5,3.8,102300
20160826,3.5,3.8,3.6,3.5,9600
20160829,3.5,3.8,3.7,3.6,10100
20160830,3.35,3.8,3.35,3.7,64400
20160831,3.35,3.65,3.35,3.35,3000
20160901,3.15,3.5,3.2,3.35,38600
20160902,3.2,3.2,3.2,3.2,1000
20160905,3.35,3.35,3.35,3.2,13100
20160906,3.4,3.4,3.4,3.35,3000
20160907,3.25,3.4,3.35,3.4,28900
20160908,3.5,3.5,3.5,3.35,14000
20160909,3.8,3.85,3.8,3.5,3500
20160912,3.8,3.85,3.8,3.5,3500
20160913,3.55,3.8,3.55,3.8,3200
20160914,3.55,3.6,3.55,3.55,10000
20160915,3.55,3.8,3.55,3.55,31600
20160916,3.2,3.8,3.25,3.55,176100
20160919,3.3,3.6,3.55,3.25,18900
20160920,3.2,3.35,3.2,3.55,115300
20160921,3.0,3.3,3.05,3.2,54200
20160922,3.3,3.35,3.3,3.05,9600
20160923,3.55,3.55,3.55,3.3,100
20160926,3.3,3.6,3.5,3.55,37200
20160927,3.5,3.55,3.5,3.5,45200
20160928,3.35,3.55,3.35,3.5,3500
20160929,3.3,3.35,3.3,3.35,11800
20160930,3.3,3.5,3.35,3.3,10900
20161003,3.3,3.3,3.3,3.35,9300
20161004,3.15,3.45,3.25,3.3,13600
20161005,3.05,3.45,3.3,3.25,7000
20161006,3.3,3.5,3.45,3.3,3600
20161007,3.3,3.5,3.45,3.45,1900
20161010,3.25,3.45,3.3,3.45,300
20161011,3.4,3.45,3.4,3.3,12500
20161012,3.4,3.4,3.4,3.4,400
20161013,3.45,3.55,3.45,3.4,26100
20161014,3.55,3.55,3.55,3.45,7100
20161017,3.3,3.55,3.4,3.55,192300
20161018,3.45,3.45,3.45,3.4,-
20161019,3.3,3.5,3.3,3.45,36700
20161021,3.3,3.5,3.35,3.3,4400
20161024,3.35,3.45,3.35,3.35,24900
20161025,3.3,3.45,3.35,3.35,3600
20161026,3.3,3.4,3.35,3.35,24800
20161027,3.4,3.5,3.45,3.35,182100
20161028,3.3,3.5,3.35,3.45,61700
20161031,3.35,3.45,3.4,3.35,2000
20161101,3.5,3.5,3.5,3.4,1400
20161102,3.45,3.5,3.45,3.5,1300
20161103,3.45,3.5,3.45,3.5,1300
20161104,3.45,3.55,3.5,3.45,16600
20161107,3.15,3.5,3.25,3.5,10400
20161108,3.4,3.5,3.45,3.25,6700
20161109,3.3,3.5,3.3,3.45,11100
20161110,3.45,3.45,3.45,3.3,4500
20161111,3.35,3.45,3.35,3.45,3000
20161114,3.35,3.5,3.35,3.35,6700
20161115,3.4,3.5,3.4,3.35,1700
20161116,3.15,3.4,3.35,3.4,277500
20161117,3.1,3.3,3.1,3.35,79000
20161118,3.0,3.4,3.05,3.1,4000
20161121,3.1,3.3,3.15,3.05,11100
20161122,3.05,3.1,3.05,3.15,101800
20161123,3.05,3.3,3.05,3.05,24500
20161124,3.25,3.25,3.25,3.05,14400
20161125,3.3,3.5,3.4,3.25,23400
20161128,3.3,3.45,3.3,3.4,10400
20161129,3.05,3.3,3.05,3.3,53000
20161130,3.05,3.3,3.15,3.05,16200
20161201,3.05,3.35,3.3,3.15,2600
20161202,3.0,3.1,3.0,3.3,145500
20161205,2.9,3.2,3.05,3.0,147700
20161206,2.85,3.0,2.9,3.05,26900
20161207,3.05,3.05,3.05,2.9,2000
20161208,3.0,3.05,3.0,3.05,24600
20161209,3.0,3.3,3.0,3.0,3.87M
20161213,2.9,3.0,2.95,3.0,1.50M
20161214,3.25,3.25,3.25,2.95,30900
20161215,3.1,3.2,3.1,3.25,1.02M
20161216,3.15,3.2,3.15,3.1,53300
20161219,3.1,3.2,3.1,3.15,69200
20161220,3.05,3.15,3.1,3.1,510000
20161221,3.0,3.0,3.0,3.1,1000
20161222,3.1,3.3,3.2,3.0,30300
20161223,3.25,3.5,3.3,3.2,97300
20161227,3.25,3.5,3.3,3.2,97300
20161228,3.3,3.6,3.5,3.3,74900
20161229,3.4,3.85,3.65,3.5,186900
20161230,3.95,4.0,3.95,3.65,146800
20170103,3.6,4.0,3.75,3.95,32900
20170104,3.65,3.8,3.75,3.75,600
20170105,3.5,3.75,3.55,3.75,46500
20170106,3.3,3.65,3.55,3.55,5000
20170109,3.2,3.45,3.2,3.55,1300
20170110,3.3,3.5,3.45,3.2,14900
20170111,3.3,3.3,3.3,3.45,300
20170112,3.3,3.5,3.3,3.3,5800
20170113,3.3,3.3,3.3,3.3,4400
20170116,3.3,3.35,3.3,3.3,1000
20170117,3.0,3.25,3.1,3.3,47400
20170118,3.1,3.25,3.15,3.1,2100
20170119,3.1,3.1,3.1,3.15,200
20170120,3.0,3.15,3.05,3.1,3900
20170123,3.0,3.1,3.0,3.05,1000
20170124,2.9,3.0,2.95,3.0,117300
20170125,2.9,3.0,2.9,2.95,39300
20170126,2.9,3.0,2.9,2.9,2200
20170127,3.0,3.0,3.0,2.9,200
20170130,2.9,3.0,2.95,3.0,43200
20170131,2.8,2.9,2.85,2.95,25500
20170201,2.9,2.95,2.9,2.85,52100
20170202,2.9,2.9,2.9,2.9,1200
20170203,2.7,2.8,2.75,2.9,14900
20170206,2.6,2.85,2.65,2.75,15900
20170207,2.8,2.9,2.85,2.65,45600
20170208,2.85,2.85,2.85,2.85,600
20170209,2.65,2.8,2.65,2.85,16200
20170210,2.65,2.9,2.7,2.65,34900
20170213,2.7,2.8,2.7,2.7,22000
20170214,2.6,2.8,2.75,2.7,16500
20170215,2.75,2.8,2.75,2.75,5300
20170216,2.75,2.8,2.75,2.75,4200
20170217,2.8,2.8,2.8,2.75,12400
20170220,2.8,2.8,2.8,2.8,42200
20170221,2.8,2.8,2.8,2.8,1200
20170222,2.75,2.75,2.75,2.8,500
20170223,2.75,2.75,2.75,2.75,7200
20170224,2.7,2.75,2.7,2.75,3200
20170227,2.7,2.7,2.7,2.7,-
20170228,2.6,2.65,2.6,2.7,15900
20170301,2.5,2.7,2.6,2.6,4100
20170302,2.6,2.7,2.65,2.6,3900
20170303,2.5,2.6,2.5,2.65,21900
20170306,2.45,2.5,2.45,2.5,72500
20170307,2.5,2.5,2.5,2.45,7500
20170308,2.25,2.5,2.25,2.5,84400
20170309,2.25,2.45,2.4,2.25,3400
20170310,2.45,2.5,2.45,2.4,87700
20170313,2.5,2.5,2.5,2.45,249800
20170314,2.45,2.5,2.45,2.5,1800
20170315,2.5,2.5,2.5,2.45,4200
20170316,2.5,2.5,2.5,2.5,115300
20170317,2.35,2.5,2.4,2.5,200
20170320,2.4,2.4,2.4,2.4,6200
20170321,2.3,2.4,2.35,2.4,8000
20170322,2.4,2.4,2.4,2.35,21700
20170323,2.4,2.5,2.4,2.4,4700
20170324,2.35,2.5,2.45,2.4,4900
20170327,2.4,2.4,2.4,2.45,4400
20170328,2.35,2.4,2.35,2.4,15900
20170329,2.35,2.35,2.35,2.35,2100
20170330,2.25,2.35,2.3,2.35,11400
20170331,2.35,2.4,2.35,2.3,16200
20170403,2.4,2.55,2.5,2.35,284700
20170404,2.5,2.75,2.5,2.5,53300
20170405,2.7,2.75,2.7,2.5,14800
20170406,2.55,2.75,2.7,2.7,47100
20170407,2.7,2.9,2.7,2.7,31500
20170410,2.9,2.9,2.9,2.7,17600
20170411,2.7,2.9,2.8,2.9,25000
20170412,2.75,2.95,2.85,2.8,43000
20170413,2.9,3.0,2.9,2.85,23700
20170418,2.9,2.95,2.9,2.9,81100
20170419,2.9,2.95,2.9,2.9,25700
20170420,2.75,2.9,2.75,2.9,10300
20170421,2.7,2.95,2.75,2.75,114100
20170424,2.95,2.95,2.95,2.75,7500
20170425,2.9,3.0,2.95,2.95,69300
20170426,2.95,3.0,2.95,2.95,9600
20170427,2.95,3.2,3.1,2.95,14400
20170428,2.9,3.1,2.9,3.1,164800
20170502,2.7,2.9,2.8,2.9,16100
20170503,2.55,2.8,2.65,2.8,7500
20170504,2.55,2.8,2.65,2.8,7500
20170505,2.6,2.75,2.65,2.65,119600
20170508,2.65,2.65,2.65,2.65,20200
20170509,2.6,2.65,2.6,2.65,59400
20170510,2.5,2.7,2.55,2.6,28600
20170511,2.5,2.65,2.5,2.55,49700
20170512,2.5,2.6,2.5,2.5,55000
20170515,2.3,2.5,2.35,2.5,2600
20170516,2.4,2.6,2.45,2.35,28400
20170517,2.45,2.5,2.45,2.45,73200
20170518,2.25,2.5,2.3,2.45,1.48M
20170519,2.3,2.5,2.3,2.3,7600
20170522,2.25,2.4,2.25,2.3,273300
20170523,2.3,2.45,2.3,2.25,712400
20170524,2.25,2.4,2.25,2.3,1.06M
20170525,2.25,2.4,2.3,2.25,156100
20170526,2.25,2.3,2.25,2.3,86900
20170529,2.25,2.25,2.25,2.25,-
20170530,2.25,2.45,2.25,2.25,192000
20170531,2.45,2.45,2.45,2.25,5100
20170602,2.3,2.4,2.3,2.45,56700
20170605,2.25,2.35,2.25,2.3,545000
20170606,2.25,2.3,2.25,2.25,144400
20170607,2.2,2.25,2.2,2.25,106800
20170608,2.3,2.35,2.3,2.2,140100
20170609,2.3,2.35,2.3,2.3,140100
20170612,2.3,2.35,2.3,2.3,140100
20170613,2.3,2.35,2.3,2.3,140100
20170614,2.15,2.3,2.15,2.3,64000
20170615,2.2,2.25,2.2,2.15,149800
20170616,2.2,2.25,2.2,2.2,244600
20170619,2.15,2.25,2.15,2.2,577500
20170620,2.15,2.25,2.15,2.15,112300
20170621,2.0,2.25,2.15,2.15,31200
20170622,2.1,2.3,2.15,2.15,254400
20170623,2.1,2.2,2.1,2.15,187500
20170626,2.1,2.2,2.1,2.15,187500
20170627,2.1,2.2,2.1,2.15,187500
20170628,2.1,2.15,2.1,2.1,125200
20170629,2.15,2.3,2.15,2.1,84600
20170630,2.15,2.2,2.15,2.15,633600
20170703,2.15,2.35,2.2,2.15,1.28M
20170704,2.3,2.4,2.35,2.2,35500
20170705,2.3,2.4,2.35,2.2,35500
20170706,2.25,2.45,2.25,2.35,153500
20170707,2.25,2.4,2.25,2.25,90300
20170710,2.25,2.35,2.3,2.25,15800
20170711,2.3,2.5,2.45,2.3,659400
20170712,2.45,2.45,2.45,2.45,-
20170713,2.65,2.65,2.65,2.45,822700
20170714,2.75,2.9,2.85,2.65,204400
20170717,3.0,3.15,3.05,2.85,1.44M
20170718,2.9,3.3,3.0,3.05,1.04M
20170719,2.8,3.0,2.9,3.0,278200
20170720,2.9,3.05,2.95,2.9,436700
20170721,3.05,3.3,3.15,2.95,2.01M
20170724,3.35,3.45,3.4,3.15,442300
20170725,3.45,3.7,3.65,3.4,920700
20170726,3.45,3.7,3.65,3.4,920700
20170727,3.5,3.9,3.6,3.65,683000
20170728,3.5,3.95,3.8,3.6,422300
20170731,3.45,3.8,3.6,3.8,299500
20170801,3.45,3.8,3.6,3.8,299500
20170802,3.4,3.5,3.45,3.6,30600
20170803,3.4,3.45,3.4,3.45,35300
20170804,3.45,3.55,3.45,3.4,828400
20170807,3.55,3.75,3.7,3.45,514100
20170808,3.55,3.75,3.7,3.45,514100
20170809,3.8,4.05,4.0,3.7,937700
20170810,3.85,4.1,3.95,4.0,335000
20170811,4.0,4.3,4.15,3.95,169800
20170814,4.2,4.6,4.45,4.15,1.00M
20170815,4.35,4.55,4.4,4.45,160200
20170816,4.0,4.45,4.15,4.4,832700
20170817,4.0,4.2,4.05,4.15,238900
20170818,3.8,4.05,3.95,4.05,663800
20170821,3.95,4.2,4.0,3.95,58100
20170822,3.95,4.05,4.0,4.0,180900
20170823,4.0,4.1,4.0,4.0,458700
20170824,3.8,4.1,4.05,4.0,149500
20170825,3.95,4.05,4.0,4.05,401700
20170828,3.9,4.0,3.95,4.0,111100
20170829,3.8,3.95,3.9,3.95,30600
20170830,3.75,3.95,3.9,3.9,22500
20170831,3.75,4.0,3.85,3.9,19300
20170901,3.7,4.0,3.75,3.85,138600
20170904,3.5,3.75,3.55,3.75,9700
20170905,3.7,3.9,3.8,3.55,221300
20170906,4.0,4.1,4.0,3.8,227300
20170907,4.0,4.1,4.0,4.0,43100
20170908,3.8,4.05,3.95,4.0,34700
20170911,3.75,4.0,3.8,3.95,43000
20170912,3.8,3.95,3.9,3.8,6200
20170913,3.8,3.95,3.8,3.9,63000
20170914,3.8,3.9,3.85,3.8,31700
20170915,3.85,3.95,3.9,3.85,18700
20170918,3.8,3.9,3.8,3.9,57000
20170919,3.6,3.9,3.75,3.8,173600
20170920,3.6,3.75,3.6,3.75,84600
20170921,3.6,3.8,3.75,3.6,5800
20170922,3.7,3.8,3.75,3.75,193800
20170925,3.6,3.75,3.65,3.75,29200
20170926,3.6,3.65,3.6,3.65,21000
20170927,3.4,3.6,3.5,3.6,93700
20170928,3.2,3.5,3.25,3.5,246200
20170929,3.0,3.3,3.15,3.25,37500
20171002,3.0,3.2,3.05,3.15,99400
20171003,3.0,3.2,3.05,3.15,99400
20171004,3.1,3.35,3.3,3.05,18900
20171005,3.4,3.6,3.45,3.3,72400
20171006,3.4,3.6,3.5,3.45,188300
20171009,3.45,3.7,3.5,3.5,34200
20171010,3.2,3.6,3.45,3.5,27500
20171011,3.45,3.6,3.45,3.45,15600
20171012,3.45,3.45,3.45,3.45,118700
20171013,3.4,3.45,3.4,3.45,448100
20171016,3.1,3.4,3.15,3.4,59300
20171017,3.4,3.4,3.4,3.15,100
20171018,3.4,3.4,3.4,3.4,-
20171019,3.2,3.4,3.2,3.4,19400
20171023,3.2,3.2,3.2,3.2,50800
20171024,3.2,3.2,3.2,3.2,100
20171025,3.2,3.2,3.2,3.2,100
20171026,3.2,3.2,3.2,3.2,100
20171027,3.2,3.5,3.4,3.2,11600
20171030,3.2,3.6,3.55,3.4,98400
20171031,3.6,3.75,3.6,3.55,359600
20171101,3.55,3.6,3.55,3.6,85900
20171102,3.2,3.6,3.3,3.55,12100
20171103,3.45,3.6,3.55,3.3,46800
20171106,3.35,3.5,3.4,3.55,31400
20171107,3.55,3.6,3.55,3.4,42500
20171108,3.45,3.55,3.5,3.55,161000
20171109,3.35,3.6,3.55,3.5,151700
20171110,3.5,3.55,3.5,3.55,34000
20171113,3.35,3.4,3.35,3.5,4800
20171114,3.35,3.45,3.35,3.35,28200
20171115,3.4,3.5,3.45,3.35,5900
20171116,3.45,3.6,3.5,3.45,128000
20171117,3.5,3.75,3.6,3.5,55300
20171120,3.5,3.75,3.6,3.6,86200
20171121,3.6,3.75,3.65,3.6,31700
20171122,3.6,3.75,3.6,3.65,5100
20171123,3.55,3.75,3.6,3.6,157300
20171124,3.55,3.7,3.55,3.6,96200
20171127,3.6,3.9,3.7,3.55,233200
20171128,3.6,3.9,3.7,3.55,233200
20171129,3.65,3.95,3.8,3.7,48300
20171130,3.95,4.05,4.0,3.8,52400
20171201,3.9,4.1,4.0,4.0,207700
20171204,4.0,4.35,4.1,4.0,51500
20171205,3.9,4.5,4.3,4.1,160700
20171206,3.9,4.45,4.05,4.3,450500
20171207,3.7,3.7,3.7,4.05,17900
20171208,3.35,3.5,3.4,3.7,189200
20171211,3.35,3.6,3.5,3.4,125900
20171213,3.35,3.7,3.5,3.5,84500
20171214,3.5,3.85,3.8,3.5,91600
20171215,4.15,4.15,4.15,3.8,98000
20171218,4.4,4.55,4.5,4.15,1.60M
20171219,4.4,5.0,4.55,4.5,1.30M
20171220,4.55,4.7,4.6,4.55,328400
20171221,4.5,4.7,4.5,4.6,163600
20171222,4.4,4.8,4.5,4.5,262300
20171227,4.4,4.8,4.55,4.5,504800
20171228,4.5,4.7,4.5,4.55,83500
20171229,4.2,4.85,4.6,4.5,201900
20180102,4.25,4.8,4.6,4.6,48600
20180103,4.5,4.8,4.5,4.6,93500
20180104,4.4,4.6,4.45,4.5,49800
20180105,4.1,4.5,4.25,4.45,248600
20180108,4.0,4.25,4.0,4.25,216900
20180109,3.9,4.1,4.05,4.0,75700
20180110,3.85,4.0,3.85,4.05,152700
20180111,3.85,3.95,3.9,3.85,129800
20180112,3.95,4.0,3.95,3.9,20300
20180115,3.95,4.0,3.95,3.95,5800
20180116,3.95,4.05,4.0,3.95,104300
20180117,3.95,4.0,3.95,4.0,11300
20180118,3.9,4.0,3.95,3.95,12600
20180119,3.9,4.0,3.95,3.95,40600
20180122,3.8,3.9,3.85,3.95,30800
20180123,3.8,3.8,3.8,3.85,21500
20180124,3.6,3.8,3.75,3.8,25500
20180125,3.55,3.6,3.55,3.75,82400
20180126,3.5,3.65,3.5,3.55,109500
20180129,3.2,3.8,3.6,3.5,19000
20180130,3.5,3.8,3.75,3.6,27500
20180131,3.5,3.8,3.5,3.75,16000
20180201,3.4,3.8,3.4,3.5,83000
20180202,3.2,3.75,3.4,3.4,44500
20180205,3.25,3.5,3.3,3.4,70900
20180206,3.25,3.5,3.3,3.3,41800
20180207,3.25,3.45,3.35,3.3,9600
20180208,3.45,3.45,3.45,3.35,800
20180209,3.3,3.5,3.4,3.45,81200
20180212,3.25,3.5,3.3,3.4,135100
20180213,3.2,3.4,3.25,3.3,196300
20180214,3.15,3.3,3.2,3.25,13600
20180215,3.25,3.3,3.25,3.2,50300
20180216,3.2,3.3,3.25,3.25,42500
20180219,3.0,3.3,3.1,3.25,49500
20180220,3.2,3.3,3.25,3.1,50100
20180221,3.2,3.3,3.2,3.25,17600
20180222,3.2,3.25,3.2,3.2,83700
20180223,3.1,3.2,3.15,3.2,47600
20180226,3.0,3.1,3.0,3.15,124800
20180227,2.8,3.0,2.9,3.0,91900
20180228,3.0,3.15,3.0,2.9,6800
20180301,3.0,3.0,3.0,3.0,112400
20180302,2.9,3.3,3.2,3.0,913000
20180305,3.0,3.2,3.0,3.2,42400
20180306,3.0,3.0,3.0,3.0,194600
20180307,2.9,3.0,2.9,3.0,21000
20180308,2.65,2.9,2.65,2.9,87900
20180309,2.45,2.7,2.6,2.65,172300
20180312,2.7,2.9,2.75,2.6,1200
20180313,2.5,3.0,2.75,2.75,12400
20180314,2.5,3.0,2.5,2.75,96400
20180315,2.6,2.75,2.65,2.5,20000
20180316,2.65,2.8,2.65,2.65,36900
20180319,2.6,2.75,2.65,2.65,15200
20180320,2.65,2.9,2.7,2.65,7400
20180321,2.6,2.7,2.6,2.7,14100
20180322,2.5,2.6,2.5,2.6,29000
20180323,2.45,2.6,2.55,2.5,115000
20180326,2.45,2.6,2.45,2.55,13200
20180327,2.45,2.65,2.45,2.45,22600
20180328,2.45,2.6,2.45,2.45,16200
20180329,2.4,2.55,2.45,2.45,297100
20180403,2.3,2.65,2.4,2.45,9900
20180404,2.45,2.6,2.5,2.4,2400
20180405,2.35,2.6,2.45,2.5,52500
20180406,2.25,2.35,2.25,2.45,236500
20180409,2.25,2.35,2.3,2.25,6200
20180410,2.35,2.5,2.4,2.3,6000
20180411,2.4,2.5,2.4,2.4,143900
20180412,2.4,2.4,2.4,2.4,35800
20180413,2.35,2.4,2.35,2.4,162700
20180416,2.25,2.55,2.25,2.35,123300
20180417,2.25,2.35,2.25,2.25,18200
20180418,2.25,2.3,2.25,2.25,52000
20180419,2.25,2.3,2.25,2.25,16500
20180420,2.05,2.35,2.15,2.25,65600
20180423,2.1,2.15,2.1,2.15,19000
20180424,2.1,2.15,2.1,2.1,1100
20180425,2.0,2.1,2.05,2.1,72700
20180426,1.95,2.1,2.0,2.05,132300
20180427,1.95,2.1,1.95,2.0,187800
20180430,2.05,2.1,2.05,1.95,200
20180502,2.0,2.1,2.0,2.05,46800
20180503,2.0,2.1,2.0,2.0,10800
20180504,1.95,2.05,2.0,2.0,91200
20180507,2.0,2.1,2.0,2.0,64600
20180508,1.95,2.0,1.95,2.0,125700
20180509,1.95,2.0,1.95,1.95,296000
20180510,1.95,2.0,1.95,1.95,11400
20180511,1.8,2.0,1.95,1.95,7000
20180514,2.0,2.0,2.0,1.95,11300
20180515,1.95,2.0,1.95,2.0,155100
20180516,1.95,1.95,1.95,1.95,40400
20180517,1.95,2.0,1.95,1.95,25600
20180518,1.95,2.0,1.95,1.95,62100
20180521,1.8,2.0,1.8,1.95,20400
20180522,1.8,1.95,1.85,1.8,2700
20180523,1.8,1.85,1.8,1.85,5400
20180524,1.8,1.8,1.8,1.8,19000
20180525,1.75,1.8,1.75,1.8,3200
20180528,1.6,1.8,1.6,1.75,46000
20180529,1.6,1.6,1.6,1.6,200
20180530,1.75,1.75,1.75,1.6,1600
20180531,1.6,1.9,1.6,1.75,34400
20180604,1.6,1.6,1.6,1.6,9600
20180605,1.6,1.75,1.6,1.6,29000
20180606,1.7,1.75,1.7,1.6,3700
20180607,1.6,1.75,1.6,1.7,538200
20180608,1.6,1.75,1.65,1.6,10900
20180611,1.6,1.65,1.6,1.65,6800
20180612,1.55,1.6,1.55,1.6,21200
20180613,1.55,1.65,1.55,1.55,13000
20180614,1.65,1.65,1.65,1.55,1000
20180615,1.65,1.65,1.65,1.55,1000
20180618,1.6,1.65,1.6,1.65,20000
20180619,1.6,1.65,1.6,1.6,86600
20180620,1.5,1.6,1.5,1.6,7300
20180621,1.4,1.6,1.45,1.5,37100
20180622,1.45,1.5,1.45,1.45,6500
20180625,1.5,1.55,1.5,1.45,10000
20180626,1.4,1.55,1.4,1.5,95700
20180627,1.4,1.5,1.4,1.4,7500
20180628,1.4,1.5,1.45,1.4,21000
20180629,1.45,1.45,1.45,1.45,400
